Cell_ID,Timestamp,RSRP,SINR,Latency,Throughput,Packet_Loss,Connected_Users,Signal_Quality_Score,Network_Load,Network_Health_Index,Anomaly,Actual_Label
CELL_0522,2026-01-06 10:15:00,-92.4,12.4,26.4,118.2,2.15,178,18.48,0.89,70.30000000000001,Normal,Normal
CELL_0738,2026-01-08 16:15:00,-107.3,15.9,48.8,67.9,2.37,213,14.62,1.065,-4.599999999999994,Normal,Anomaly
CELL_0741,2026-01-08 17:00:00,-114.6,19.5,24.0,11.8,2.18,253,13.86,1.265,-34.0,Normal,Anomaly
CELL_0661,2026-01-07 21:00:00,-101.7,12.0,34.2,87.6,2.63,205,14.52,1.025,27.099999999999994,Normal,Normal
CELL_0412,2026-01-05 06:45:00,-103.1,16.6,26.5,56.5,0.55,177,16.720000000000002,0.885,24.5,Normal,Normal
CELL_0679,2026-01-08 01:30:00,-100.8,1.3,20.6,66.7,0.9,221,8.46,1.105,37.1,Normal,Anomaly
CELL_0627,2026-01-07 12:30:00,-93.5,12.6,34.8,57.0,0.94,90,18.16,0.45,12.800000000000004,Normal,Normal
CELL_0514,2026-01-06 08:15:00,-95.5,15.9,29.2,128.2,2.94,153,19.34,0.765,69.6,Normal,Normal
CELL_0860,2026-01-09 22:45:00,-111.4,13.9,37.5,60.0,0.94,191,11.779999999999998,0.955,13.1,Normal,Anomaly
CELL_0137,2026-01-02 10:00:00,-79.0,26.5,8.3,110.2,2.23,50,32.3,0.25,79.60000000000001,Normal,Normal
CELL_0812,2026-01-09 10:45:00,-107.1,13.1,38.1,63.4,0.46,291,13.020000000000003,1.455,20.7,Normal,Anomaly
CELL_0077,2026-01-01 19:00:00,-86.7,29.2,9.0,180.1,2.17,104,30.84,0.52,149.4,Normal,Normal
CELL_0637,2026-01-07 15:00:00,-96.4,17.5,30.3,73.1,1.55,134,19.94,0.67,27.3,Normal,Normal
CELL_0974,2026-01-11 03:15:00,-111.6,16.3,47.5,78.9,2.47,194,13.140000000000002,0.97,6.700000000000003,Normal,Anomaly
CELL_0939,2026-01-10 18:30:00,-99.7,14.2,32.8,41.9,4.08,224,16.64,1.12,-31.7,Normal,Normal
CELL_0900,2026-01-10 08:45:00,-111.0,16.5,40.5,10.3,1.72,270,13.5,1.35,-47.4,Normal,Anomaly
CELL_0281,2026-01-03 22:00:00,-75.3,24.2,9.7,162.4,0.67,28,32.400000000000006,0.14,146.00000000000003,Normal,Normal
CELL_0884,2026-01-10 04:45:00,-99.6,8.4,32.5,13.6,1.69,265,13.200000000000005,1.325,-35.8,Normal,Anomaly
CELL_0762,2026-01-08 22:15:00,-108.2,20.0,20.3,16.2,0.89,222,16.72,1.11,-13.000000000000002,Normal,Anomaly
CELL_0320,2026-01-04 07:45:00,-75.9,23.8,7.8,184.4,0.37,84,31.919999999999995,0.42,172.9,Normal,Normal
CELL_0550,2026-01-06 17:15:00,-102.5,17.1,25.8,93.7,2.74,112,17.259999999999998,0.56,40.5,Normal,Normal
CELL_0175,2026-01-02 19:30:00,-82.0,25.1,12.3,164.6,0.36,75,30.26,0.375,148.7,Normal,Normal
CELL_0372,2026-01-04 20:45:00,-103.1,15.1,22.2,97.3,1.42,213,15.82,1.065,60.89999999999999,Normal,Normal
CELL_0528,2026-01-06 11:45:00,-100.0,13.1,34.4,92.0,0.67,189,15.86,0.945,50.9,Normal,Normal
CELL_0211,2026-01-03 04:30:00,-72.6,23.0,11.5,154.1,1.14,46,32.760000000000005,0.23,131.2,Normal,Normal
CELL_0236,2026-01-03 10:45:00,-87.3,22.9,15.3,170.3,2.09,72,26.82,0.36,134.1,Normal,Normal
CELL_0102,2026-01-02 01:15:00,-73.9,25.5,9.4,160.5,2.11,120,33.739999999999995,0.6,130.0,Normal,Normal
CELL_0987,2026-01-11 06:30:00,-108.5,17.6,22.2,73.3,2.33,212,15.16,1.06,27.8,Normal,Anomaly
CELL_0903,2026-01-10 09:30:00,-110.2,16.2,36.3,54.7,0.2,279,13.639999999999995,1.395,16.400000000000006,Normal,Anomaly
CELL_0948,2026-01-10 20:45:00,-97.9,17.2,48.8,25.3,4.48,249,19.16,1.245,-68.3,Normal,Normal
CELL_0347,2026-01-04 14:30:00,-96.1,17.3,29.3,101.3,1.98,181,19.940000000000005,0.905,52.2,Normal,Normal
CELL_0140,2026-01-02 10:45:00,-85.3,23.7,14.4,144.1,0.37,106,28.1,0.53,126.0,Normal,Normal
CELL_0622,2026-01-07 11:15:00,-94.3,16.5,28.1,124.7,0.1,99,20.18,0.495,95.6,Normal,Normal
CELL_0500,2026-01-06 04:45:00,-99.4,10.4,31.5,129.0,1.33,187,14.48,0.935,84.2,Normal,Normal
CELL_0371,2026-01-04 20:30:00,-103.2,12.2,34.8,54.6,2.83,147,14.04,0.735,-8.499999999999996,Normal,Normal
CELL_0199,2026-01-03 01:30:00,-88.7,21.8,16.9,107.7,1.03,113,25.6,0.565,80.50000000000001,Normal,Normal
CELL_0688,2026-01-08 03:45:00,-95.5,13.5,45.6,40.6,3.81,249,17.9,1.245,-43.1,Normal,Normal
CELL_0585,2026-01-07 02:00:00,-96.3,18.1,21.5,57.3,0.95,146,20.340000000000003,0.73,26.3,Normal,Normal
CELL_0902,2026-01-10 09:15:00,-100.8,10.7,28.0,10.2,3.47,226,14.1,1.13,-52.5,Normal,Normal
CELL_0060,2026-01-01 14:45:00,-76.3,29.6,7.5,112.6,1.19,20,35.24,0.1,93.2,Anomaly,Normal
CELL_0329,2026-01-04 10:00:00,-85.1,25.4,11.4,125.9,1.91,62,29.200000000000003,0.31,95.4,Normal,Normal
CELL_0097,2026-01-02 00:00:00,-73.6,25.2,14.1,128.4,1.35,92,33.68,0.46,100.8,Normal,Normal
CELL_0313,2026-01-04 06:00:00,-87.1,27.5,18.2,198.1,0.94,29,29.660000000000004,0.145,170.5,Anomaly,Normal
CELL_0975,2026-01-11 03:30:00,-96.1,17.4,28.3,30.5,3.73,258,20.0,1.29,-35.099999999999994,Normal,Normal
CELL_0300,2026-01-04 02:45:00,-82.9,23.5,15.6,138.1,0.49,92,28.94,0.46,117.6,Normal,Normal
CELL_0278,2026-01-03 21:15:00,-77.2,28.3,5.7,177.1,0.32,103,34.1,0.515,168.20000000000002,Normal,Normal
CELL_0925,2026-01-10 15:00:00,-114.1,15.9,25.1,50.6,2.23,283,11.900000000000002,1.415,3.2,Normal,Anomaly
CELL_0602,2026-01-07 06:15:00,-91.7,19.1,24.7,124.5,2.28,124,22.78,0.62,77.0,Normal,Normal
CELL_0440,2026-01-05 13:45:00,-102.2,11.8,21.3,121.4,2.96,204,14.2,1.02,70.5,Normal,Normal
CELL_0838,2026-01-09 17:15:00,-91.7,5.3,26.4,76.4,0.62,279,14.5,1.395,43.8,Normal,Anomaly
CELL_0571,2026-01-06 22:30:00,-94.3,12.7,32.5,113.3,2.54,168,17.9,0.84,55.4,Normal,Normal
CELL_0880,2026-01-10 03:45:00,-93.1,12.7,45.3,11.1,3.95,299,18.380000000000003,1.495,-73.69999999999999,Anomaly,Normal
CELL_0262,2026-01-03 17:15:00,-74.4,29.1,7.9,175.8,2.03,57,35.7,0.285,147.60000000000002,Normal,Normal
CELL_0579,2026-01-07 00:30:00,-92.6,10.2,28.8,124.3,2.69,113,17.080000000000002,0.565,68.6,Normal,Normal
CELL_0024,2026-01-01 05:45:00,-82.4,28.8,15.4,198.0,1.67,58,32.32,0.29,165.9,Normal,Normal
CELL_0031,2026-01-01 07:30:00,-75.1,28.0,8.6,183.3,1.44,82,34.760000000000005,0.41,160.3,Normal,Normal
CELL_0618,2026-01-07 10:15:00,-91.5,17.8,25.3,106.2,2.74,116,22.08,0.58,53.5,Normal,Normal
CELL_0011,2026-01-01 02:30:00,-72.2,27.5,10.4,177.9,0.04,95,35.620000000000005,0.475,167.1,Normal,Normal
CELL_0222,2026-01-03 07:15:00,-72.4,21.8,16.8,197.8,1.51,47,32.12,0.235,165.9,Normal,Normal
CELL_0821,2026-01-09 13:00:00,-117.1,19.4,43.0,82.7,0.75,292,12.8,1.46,32.2,Normal,Anomaly
CELL_0297,2026-01-04 02:00:00,-80.3,25.6,17.9,116.5,1.58,70,31.24,0.35,82.8,Normal,Normal
CELL_0055,2026-01-01 13:30:00,-80.1,24.7,12.1,192.0,0.98,44,30.78,0.22,170.1,Normal,Normal
CELL_0543,2026-01-06 15:30:00,-101.5,16.6,24.4,54.8,2.1,83,17.36,0.415,9.4,Normal,Normal
CELL_0210,2026-01-03 04:15:00,-88.0,25.7,10.2,177.2,1.58,53,28.22,0.265,151.2,Normal,Normal
CELL_0605,2026-01-07 07:00:00,-103.1,12.9,33.9,94.7,2.95,125,14.500000000000004,0.625,31.300000000000004,Normal,Normal
CELL_0693,2026-01-08 05:00:00,-96.3,6.1,30.8,59.6,0.89,269,13.140000000000002,1.345,19.9,Normal,Anomaly
CELL_0663,2026-01-07 21:30:00,-93.3,15.0,28.5,123.5,2.46,106,19.68,0.53,70.4,Normal,Normal
CELL_0867,2026-01-10 00:30:00,-103.9,12.4,45.5,16.8,4.95,267,13.879999999999995,1.335,-78.2,Anomaly,Normal
CELL_0071,2026-01-01 17:30:00,-70.8,25.8,10.6,167.8,0.48,112,35.160000000000004,0.56,152.4,Normal,Normal
CELL_0544,2026-01-06 15:45:00,-100.9,13.7,26.6,113.5,1.19,96,15.859999999999996,0.48,75.0,Normal,Normal
CELL_0108,2026-01-02 02:45:00,-79.4,24.9,5.9,174.7,2.2,70,31.18,0.35,146.79999999999998,Normal,Normal
CELL_0494,2026-01-06 03:15:00,-97.4,15.8,20.4,105.2,2.81,205,18.52,1.025,56.70000000000001,Normal,Normal
CELL_0591,2026-01-07 03:30:00,-101.0,15.0,21.3,100.8,0.4,167,16.6,0.835,75.5,Normal,Normal
CELL_0742,2026-01-08 17:15:00,-92.1,8.0,41.9,26.5,2.15,283,15.960000000000004,1.415,-36.9,Normal,Anomaly
CELL_0293,2026-01-04 01:00:00,-72.3,29.2,12.9,192.0,1.21,24,36.6,0.12,167.0,Anomaly,Normal
CELL_0290,2026-01-04 00:15:00,-84.8,22.8,7.6,103.6,0.19,101,27.76,0.505,94.1,Normal,Normal
CELL_0653,2026-01-07 19:00:00,-103.3,12.2,32.5,122.3,0.73,190,14.0,0.95,82.5,Normal,Normal
CELL_0040,2026-01-01 09:45:00,-78.3,24.1,18.3,145.5,1.44,55,31.140000000000004,0.275,112.8,Normal,Normal
CELL_0590,2026-01-07 03:15:00,-100.9,14.1,20.7,78.8,2.11,86,16.099999999999998,0.43,37.0,Normal,Normal
CELL_0308,2026-01-04 04:45:00,-80.0,23.9,13.8,158.4,1.49,102,30.34,0.51,129.7,Normal,Normal
CELL_0680,2026-01-08 01:45:00,-112.0,16.9,34.2,31.8,1.31,268,13.34,1.34,-15.500000000000004,Normal,Anomaly
CELL_0067,2026-01-01 16:30:00,-72.0,26.8,17.3,154.3,2.29,91,35.28,0.455,114.1,Normal,Normal
CELL_0276,2026-01-03 20:45:00,-83.1,22.9,6.2,184.6,0.35,119,28.5,0.595,174.9,Normal,Normal
CELL_0068,2026-01-01 16:45:00,-82.0,26.6,16.9,187.7,1.51,64,31.160000000000004,0.32,155.7,Normal,Normal
CELL_0319,2026-01-04 07:30:00,-86.9,24.4,18.9,126.1,0.13,106,27.879999999999995,0.53,105.9,Normal,Normal
CELL_0549,2026-01-06 17:00:00,-91.6,10.5,30.9,114.3,0.75,177,17.660000000000004,0.885,75.9,Normal,Normal
CELL_0999,2026-01-11 09:30:00,-116.6,11.3,48.8,41.9,0.96,204,8.140000000000002,1.02,-16.5,Anomaly,Anomaly
CELL_0715,2026-01-08 10:30:00,-111.4,16.3,38.6,11.7,1.76,260,13.219999999999995,1.3,-44.5,Normal,Anomaly
CELL_0754,2026-01-08 20:15:00,-93.5,13.3,20.5,83.9,4.66,181,18.58,0.905,16.800000000000004,Normal,Normal
CELL_0328,2026-01-04 09:45:00,-73.3,28.9,11.1,137.2,1.49,94,36.02,0.47,111.2,Normal,Normal
CELL_0383,2026-01-04 23:30:00,-95.1,10.4,31.6,54.0,1.95,177,16.200000000000003,0.885,2.8999999999999986,Normal,Normal
CELL_0452,2026-01-05 16:45:00,-100.2,17.5,22.9,122.5,0.01,90,18.42,0.45,99.5,Normal,Normal
CELL_0523,2026-01-06 10:30:00,-98.1,18.0,26.4,69.9,0.6,172,19.56,0.86,37.50000000000001,Normal,Normal
CELL_0219,2026-01-03 06:30:00,-86.2,22.3,18.5,155.4,1.37,88,26.9,0.44,123.2,Normal,Normal
CELL_0788,2026-01-09 04:45:00,-93.4,10.5,27.3,11.7,4.88,269,16.939999999999998,1.345,-64.4,Anomaly,Normal
CELL_0437,2026-01-05 13:00:00,-92.6,11.3,31.9,78.8,0.81,125,17.740000000000002,0.625,38.8,Normal,Normal
CELL_0765,2026-01-08 23:00:00,-95.5,3.1,25.3,15.9,1.72,236,11.66,1.18,-26.6,Normal,Anomaly
CELL_0089,2026-01-01 22:00:00,-75.7,22.9,5.5,185.5,1.31,111,31.46,0.555,166.9,Normal,Normal
CELL_0064,2026-01-01 15:45:00,-84.5,24.9,14.4,108.9,0.02,61,29.14,0.305,94.3,Normal,Normal
CELL_0827,2026-01-09 14:30:00,-96.9,0.0,20.2,59.2,0.41,260,9.239999999999998,1.3,34.9,Normal,Anomaly
CELL_0717,2026-01-08 11:00:00,-107.0,11.4,45.0,19.3,2.71,205,12.04,1.025,-52.8,Normal,Anomaly
CELL_0352,2026-01-04 15:45:00,-91.1,18.1,30.9,94.3,2.78,166,22.42,0.83,35.6,Normal,Normal
CELL_0937,2026-01-10 18:00:00,-103.3,18.0,20.4,48.3,4.99,212,17.48,1.06,-22.000000000000007,Normal,Normal
CELL_0257,2026-01-03 16:00:00,-82.6,25.8,16.5,123.5,2.02,64,30.440000000000005,0.32,86.8,Normal,Normal
CELL_0636,2026-01-07 14:45:00,-97.3,12.5,22.6,86.5,1.96,133,16.580000000000002,0.665,44.3,Normal,Normal
CELL_0645,2026-01-07 17:00:00,-94.9,19.1,21.9,58.9,2.02,218,21.5,1.09,16.8,Normal,Normal
CELL_0555,2026-01-06 18:30:00,-94.8,19.5,27.6,84.1,0.74,144,21.78,0.72,49.1,Normal,Normal
CELL_0960,2026-01-10 23:45:00,-116.3,19.7,32.6,14.5,0.5,232,13.3,1.16,-23.1,Normal,Anomaly
CELL_0169,2026-01-02 18:00:00,-86.6,22.4,18.3,163.4,2.39,33,26.800000000000004,0.165,121.2,Normal,Normal
CELL_0918,2026-01-10 13:15:00,-100.8,5.5,20.4,67.6,0.32,298,10.98,1.49,43.99999999999999,Anomaly,Anomaly
CELL_0529,2026-01-06 12:00:00,-94.7,15.8,28.0,76.7,2.31,215,19.6,1.075,25.6,Normal,Normal
CELL_0824,2026-01-09 13:45:00,-96.7,14.6,49.0,28.2,3.61,195,18.08,0.975,-56.900000000000006,Normal,Normal
CELL_0986,2026-01-11 06:15:00,-96.6,13.6,44.9,11.7,3.81,293,17.520000000000003,1.465,-71.30000000000001,Anomaly,Normal
CELL_0817,2026-01-09 12:00:00,-100.7,17.6,26.4,52.6,4.9,258,18.28,1.29,-22.8,Normal,Normal
CELL_0087,2026-01-01 21:30:00,-81.4,27.5,17.1,171.1,2.35,29,31.94,0.145,130.5,Normal,Normal
CELL_0433,2026-01-05 12:00:00,-101.0,10.7,31.3,71.4,0.52,172,14.02,0.86,34.900000000000006,Normal,Normal
CELL_0185,2026-01-02 22:00:00,-85.9,29.6,6.9,164.7,2.2,50,31.4,0.25,135.79999999999998,Normal,Normal
CELL_0979,2026-01-11 04:30:00,-91.6,18.0,21.2,11.0,4.35,222,22.160000000000004,1.11,-53.7,Anomaly,Normal
CELL_0535,2026-01-06 13:30:00,-98.9,18.6,29.5,107.0,1.27,154,19.6,0.77,64.8,Normal,Normal
CELL_0295,2026-01-04 01:30:00,-83.0,23.2,8.6,136.7,0.32,72,28.72,0.36,124.9,Normal,Normal
CELL_0893,2026-01-10 07:00:00,-97.7,19.7,35.0,30.0,5.0,231,20.74,1.155,-55.0,Normal,Normal
CELL_0426,2026-01-05 10:15:00,-97.7,18.3,21.4,129.9,2.47,186,19.9,0.93,83.8,Normal,Normal
CELL_0714,2026-01-08 10:15:00,-92.9,18.4,24.2,42.0,4.15,231,21.879999999999995,1.155,-23.7,Normal,Normal
CELL_0261,2026-01-03 17:00:00,-81.2,21.5,8.2,162.9,0.04,69,28.42,0.345,154.3,Normal,Normal
CELL_0238,2026-01-03 11:15:00,-77.8,23.4,7.3,153.6,1.3,90,30.92,0.45,133.29999999999998,Normal,Normal
CELL_0560,2026-01-06 19:45:00,-101.7,18.9,32.7,124.0,1.81,93,18.66,0.465,73.19999999999999,Normal,Normal
CELL_0584,2026-01-07 01:45:00,-96.8,14.9,27.4,97.1,2.43,99,18.22,0.495,45.39999999999999,Normal,Normal
CELL_0446,2026-01-05 15:15:00,-97.0,14.2,27.0,58.3,1.93,165,17.72,0.825,11.999999999999996,Normal,Normal
CELL_0868,2026-01-10 00:45:00,-101.4,16.8,28.8,61.2,4.51,279,17.519999999999996,1.395,-12.699999999999989,Normal,Normal
CELL_0801,2026-01-09 08:00:00,-101.0,7.8,47.8,67.5,1.34,251,12.28,1.255,6.3000000000000025,Normal,Anomaly
CELL_0600,2026-01-07 05:45:00,-95.8,10.2,23.8,64.8,0.2,170,15.8,0.85,39.0,Normal,Normal
CELL_0850,2026-01-09 20:15:00,-95.3,9.0,38.2,84.3,1.64,249,15.28,1.245,29.7,Normal,Anomaly
CELL_0266,2026-01-03 18:15:00,-74.3,28.3,15.4,146.6,0.68,67,35.260000000000005,0.335,124.4,Normal,Normal
CELL_0996,2026-01-11 08:45:00,-91.6,0.5,44.9,82.5,0.37,276,11.660000000000004,1.38,33.9,Anomaly,Anomaly
CELL_0530,2026-01-06 12:15:00,-93.4,18.3,33.8,109.7,1.02,88,21.62,0.44,65.7,Normal,Normal
CELL_0056,2026-01-01 13:45:00,-81.6,29.9,12.0,104.3,0.35,113,33.3,0.565,88.8,Normal,Normal
CELL_0121,2026-01-02 06:00:00,-82.7,24.1,9.7,118.5,0.07,70,29.380000000000003,0.35,108.1,Normal,Normal
CELL_0216,2026-01-03 05:45:00,-72.0,29.8,17.4,122.6,2.14,66,37.08,0.33,83.79999999999998,Normal,Normal
CELL_0026,2026-01-01 06:15:00,-86.4,25.5,12.6,136.9,2.23,63,28.739999999999995,0.315,102.0,Normal,Normal
CELL_0073,2026-01-01 18:00:00,-81.6,23.3,5.4,191.4,1.56,40,29.340000000000003,0.2,170.4,Normal,Normal
CELL_0045,2026-01-01 11:00:00,-72.4,23.6,18.9,135.8,0.11,21,33.2,0.105,115.8,Anomaly,Normal
CELL_0248,2026-01-03 13:45:00,-83.6,25.9,17.0,187.9,0.56,61,30.1,0.305,165.3,Normal,Normal
CELL_0722,2026-01-08 12:15:00,-97.9,3.3,43.6,73.6,0.44,249,10.82,1.245,25.599999999999994,Normal,Anomaly
CELL_0282,2026-01-03 22:15:00,-88.7,24.8,5.7,166.9,0.63,40,27.4,0.2,154.9,Normal,Normal
CELL_0894,2026-01-10 07:15:00,-98.3,12.5,34.5,73.4,4.52,237,16.18,1.185,-6.29999999999999,Normal,Normal
CELL_0915,2026-01-10 12:30:00,-108.1,16.8,29.7,62.2,1.03,238,14.840000000000003,1.19,22.2,Normal,Anomaly
CELL_0811,2026-01-09 10:30:00,-98.8,5.2,20.1,41.8,0.12,234,11.6,1.17,20.5,Normal,Anomaly
CELL_0245,2026-01-03 13:00:00,-82.1,24.2,9.5,155.0,0.91,96,29.680000000000003,0.48,136.4,Normal,Normal
CELL_0823,2026-01-09 13:30:00,-113.7,16.4,41.3,23.6,0.61,255,12.359999999999998,1.275,-23.8,Normal,Anomaly
CELL_0322,2026-01-04 08:15:00,-82.9,22.0,6.7,137.0,2.27,29,28.04,0.145,107.6,Normal,Normal
CELL_0644,2026-01-07 16:45:00,-96.6,12.1,28.6,75.6,2.29,149,16.620000000000005,0.745,24.099999999999994,Normal,Normal
CELL_0159,2026-01-02 15:30:00,-81.4,25.3,10.3,141.9,2.43,108,30.62,0.54,107.3,Normal,Normal
CELL_0978,2026-01-11 04:15:00,-99.4,12.7,32.6,73.2,3.66,198,15.859999999999998,0.99,4.0,Normal,Normal
CELL_0430,2026-01-05 11:15:00,-100.5,14.9,25.5,89.9,1.9,153,16.740000000000002,0.765,45.400000000000006,Normal,Normal
CELL_0942,2026-01-10 19:15:00,-112.1,15.3,39.3,11.4,1.16,281,12.340000000000002,1.405,-39.5,Normal,Anomaly
CELL_0463,2026-01-05 19:30:00,-94.3,19.4,34.5,99.3,1.42,83,21.92,0.415,50.6,Normal,Normal
CELL_0310,2026-01-04 05:15:00,-81.2,27.6,8.7,117.7,0.93,54,32.08,0.27,99.7,Normal,Normal
CELL_0698,2026-01-08 06:15:00,-116.8,11.3,30.1,51.0,2.2,184,8.060000000000002,0.92,-1.1000000000000014,Normal,Anomaly
CELL_0061,2026-01-01 15:00:00,-85.9,28.1,9.6,109.8,0.55,75,30.5,0.375,94.7,Normal,Normal
CELL_0885,2026-01-10 05:00:00,-100.8,5.0,33.8,15.8,0.66,193,10.68,0.965,-24.6,Normal,Anomaly
CELL_0596,2026-01-07 04:45:00,-103.1,10.7,29.7,81.6,2.28,152,13.18,0.76,29.099999999999994,Normal,Normal
CELL_0768,2026-01-08 23:45:00,-95.1,6.0,42.5,12.6,0.45,199,13.560000000000002,0.995,-34.4,Normal,Anomaly
CELL_0650,2026-01-07 18:15:00,-94.1,18.1,31.0,116.8,1.7,100,21.22000000000001,0.5,68.8,Normal,Normal
CELL_0651,2026-01-07 18:30:00,-97.9,16.9,24.4,67.1,0.5,183,18.98,0.915,37.7,Normal,Normal
CELL_0866,2026-01-10 00:15:00,-95.8,5.3,32.0,30.3,2.75,192,12.86,0.96,-29.2,Normal,Anomaly
CELL_0669,2026-01-07 23:00:00,-92.3,6.1,24.8,59.4,0.98,200,14.740000000000002,1.0,24.8,Normal,Anomaly
CELL_0299,2026-01-04 02:30:00,-74.1,24.4,13.6,188.4,2.23,89,33.0,0.445,152.5,Normal,Normal
CELL_0690,2026-01-08 04:15:00,-117.8,17.5,28.1,10.6,2.07,272,11.38,1.36,-38.2,Normal,Anomaly
CELL_0315,2026-01-04 06:30:00,-80.2,28.9,15.5,173.8,2.46,74,33.26,0.37,133.70000000000002,Normal,Normal
CELL_0311,2026-01-04 05:30:00,-83.8,27.3,18.7,122.6,0.21,81,30.86,0.405,101.8,Normal,Normal
CELL_0362,2026-01-04 18:15:00,-96.1,19.9,31.4,71.2,0.51,137,21.5,0.685,34.7,Normal,Normal
CELL_0480,2026-01-05 23:45:00,-102.7,17.6,31.3,59.8,2.9,111,17.48,0.555,-0.5000000000000036,Normal,Normal
CELL_0111,2026-01-02 03:30:00,-70.6,25.9,14.4,156.2,1.82,95,35.300000000000004,0.475,123.59999999999998,Normal,Normal
CELL_0990,2026-01-11 07:15:00,-99.2,12.7,37.5,51.2,4.68,250,15.939999999999998,1.25,-33.099999999999994,Normal,Normal
CELL_0487,2026-01-06 01:30:00,-98.0,14.3,24.5,95.0,2.21,177,17.380000000000003,0.885,48.4,Normal,Normal
CELL_0364,2026-01-04 18:45:00,-93.9,13.8,32.0,53.6,2.38,211,18.72,1.055,-2.199999999999996,Normal,Normal
CELL_0255,2026-01-03 15:30:00,-79.2,29.1,5.8,121.4,0.4,25,33.78,0.125,111.6,Normal,Normal
CELL_0260,2026-01-03 16:45:00,-77.3,24.2,14.5,175.4,1.1,87,31.6,0.435,149.9,Normal,Normal
CELL_0803,2026-01-09 08:30:00,-101.9,1.4,39.2,34.0,1.53,213,8.079999999999998,1.065,-20.500000000000004,Normal,Anomaly
CELL_0678,2026-01-08 01:15:00,-93.9,16.0,29.5,67.0,3.27,204,20.04,1.02,4.799999999999997,Normal,Normal
CELL_0495,2026-01-06 03:30:00,-95.9,15.3,30.8,104.7,2.36,96,18.82,0.48,50.30000000000001,Normal,Normal
CELL_0671,2026-01-07 23:30:00,-114.2,19.1,21.1,59.4,0.69,289,13.78,1.445,31.4,Normal,Anomaly
CELL_0378,2026-01-04 22:15:00,-94.4,17.4,22.8,54.3,0.95,119,20.68,0.595,22.0,Normal,Normal
CELL_0527,2026-01-06 11:30:00,-99.5,12.6,31.8,96.2,0.68,84,15.760000000000002,0.42,57.60000000000001,Normal,Normal
CELL_0846,2026-01-09 19:15:00,-102.6,17.2,28.5,40.8,3.31,253,17.28,1.265,-20.800000000000004,Normal,Normal
CELL_0138,2026-01-02 10:15:00,-76.2,22.5,15.7,158.2,1.84,22,31.02,0.11,124.1,Normal,Normal
CELL_0356,2026-01-04 16:45:00,-95.4,17.9,23.9,128.6,0.06,198,20.58,0.99,104.1,Normal,Normal
CELL_0366,2026-01-04 19:15:00,-92.5,12.4,22.3,90.3,2.38,185,18.44,0.925,44.2,Normal,Normal
CELL_0943,2026-01-10 19:30:00,-95.5,2.3,43.4,84.9,0.45,268,11.18,1.34,37.00000000000001,Normal,Anomaly
CELL_0750,2026-01-08 19:15:00,-100.9,19.4,26.1,64.8,3.32,262,19.28,1.31,5.5,Normal,Normal
CELL_0949,2026-01-10 21:00:00,-96.7,5.9,41.2,61.7,1.15,275,12.86,1.375,9.0,Normal,Anomaly
CELL_0830,2026-01-09 15:15:00,-110.9,17.6,26.2,65.5,2.14,229,14.2,1.145,17.899999999999995,Normal,Anomaly
CELL_0657,2026-01-07 20:00:00,-100.9,18.7,25.7,73.9,2.01,111,18.86,0.555,28.100000000000005,Normal,Normal
CELL_0200,2026-01-03 01:45:00,-73.8,25.2,6.7,146.5,0.34,99,33.6,0.495,136.4,Normal,Normal
CELL_0214,2026-01-03 05:15:00,-74.7,21.1,12.1,100.8,1.79,76,30.78,0.38,70.80000000000001,Normal,Normal
CELL_0409,2026-01-05 06:00:00,-103.9,19.0,33.9,91.1,2.04,137,17.839999999999996,0.685,36.8,Normal,Normal
CELL_0333,2026-01-04 11:00:00,-79.6,23.0,15.8,187.1,0.84,94,29.96,0.47,162.89999999999998,Normal,Normal
CELL_0209,2026-01-03 04:00:00,-71.4,24.9,6.1,191.5,2.19,115,34.379999999999995,0.575,163.5,Anomaly,Normal
CELL_0614,2026-01-07 09:15:00,-98.8,13.6,31.7,116.9,0.67,217,16.64,1.085,78.5,Normal,Normal
CELL_0079,2026-01-01 19:30:00,-80.6,24.5,18.0,189.5,2.36,43,30.46,0.215,147.9,Normal,Normal
CELL_0030,2026-01-01 07:15:00,-86.5,29.0,18.1,113.5,2.25,83,30.8,0.415,72.9,Normal,Normal
CELL_0536,2026-01-06 13:45:00,-97.2,19.3,24.3,67.0,0.39,85,20.7,0.425,38.8,Normal,Normal
CELL_0696,2026-01-08 05:45:00,-109.3,12.4,45.5,39.6,1.85,237,11.72,1.185,-24.4,Normal,Anomaly
CELL_0558,2026-01-06 19:15:00,-93.3,15.7,29.6,123.5,2.6,135,20.1,0.675,67.9,Normal,Normal
CELL_0837,2026-01-09 17:00:00,-118.2,11.1,50.0,38.8,2.32,242,7.379999999999998,1.21,-34.400000000000006,Anomaly,Anomaly
CELL_0597,2026-01-07 05:00:00,-101.5,15.8,25.1,61.6,2.71,161,16.880000000000003,0.805,9.4,Normal,Normal
CELL_0166,2026-01-02 17:15:00,-76.9,22.7,16.2,180.6,1.62,86,30.86,0.43,148.2,Normal,Normal
CELL_0919,2026-01-10 13:30:00,-103.9,0.1,49.6,56.3,1.9,210,6.499999999999997,1.05,-12.300000000000004,Normal,Anomaly
CELL_0496,2026-01-06 03:45:00,-96.8,13.0,32.6,114.2,1.33,215,17.080000000000002,1.075,68.3,Normal,Normal
CELL_0825,2026-01-09 14:00:00,-96.3,7.3,21.3,32.8,1.47,191,13.860000000000005,0.955,-3.200000000000003,Normal,Anomaly
CELL_0066,2026-01-01 16:15:00,-71.4,23.6,6.8,179.3,1.96,97,33.599999999999994,0.485,152.9,Normal,Normal
CELL_0142,2026-01-02 11:15:00,-86.7,23.7,7.5,101.6,1.8,100,27.54,0.5,76.1,Normal,Normal
CELL_0926,2026-01-10 15:15:00,-107.6,16.8,49.4,87.2,1.85,189,15.040000000000004,0.945,19.300000000000004,Normal,Anomaly
CELL_0828,2026-01-09 14:45:00,-113.0,11.4,31.2,87.3,0.03,258,9.64,1.29,55.8,Normal,Anomaly
CELL_0656,2026-01-07 19:45:00,-102.4,18.1,34.5,123.8,2.82,113,17.9,0.565,61.1,Normal,Normal
CELL_0332,2026-01-04 10:45:00,-86.4,23.2,11.7,159.1,1.21,53,27.36,0.265,135.3,Normal,Normal
CELL_0665,2026-01-07 22:00:00,-93.9,15.3,34.1,50.5,1.38,106,19.62,0.53,2.6,Normal,Normal
CELL_0250,2026-01-03 14:15:00,-79.6,28.7,13.2,164.5,2.24,90,33.38,0.45,128.9,Normal,Normal
CELL_0908,2026-01-10 10:45:00,-108.8,12.4,40.4,79.6,2.41,213,11.920000000000002,1.065,15.099999999999994,Normal,Anomaly
CELL_0709,2026-01-08 09:00:00,-91.6,3.1,36.7,52.0,2.03,183,13.220000000000002,0.915,-5.0,Normal,Anomaly
CELL_0306,2026-01-04 04:15:00,-81.1,21.8,13.7,196.8,0.41,37,28.64,0.185,179.00000000000003,Normal,Normal
CELL_0735,2026-01-08 15:30:00,-99.2,5.6,45.4,66.1,1.14,221,11.679999999999998,1.105,9.299999999999995,Normal,Anomaly
CELL_0976,2026-01-11 03:45:00,-110.8,17.0,39.5,61.9,1.81,290,13.88,1.45,4.299999999999997,Normal,Anomaly
CELL_0050,2026-01-01 12:15:00,-74.5,24.9,10.0,149.3,0.49,47,33.14,0.235,134.4,Normal,Normal
CELL_0897,2026-01-10 08:00:00,-97.7,17.0,33.8,65.1,4.04,218,19.12,1.09,-9.1,Normal,Normal
CELL_0003,2026-01-01 00:30:00,-82.7,23.2,5.0,143.6,0.22,96,28.84,0.48,136.4,Normal,Normal
CELL_0545,2026-01-06 16:00:00,-92.5,17.5,20.0,85.7,2.34,105,21.5,0.525,42.3,Normal,Normal
CELL_0351,2026-01-04 15:30:00,-102.3,18.4,25.3,97.5,2.39,212,18.12,1.06,48.3,Normal,Normal
CELL_0905,2026-01-10 10:00:00,-94.1,13.2,41.5,57.3,3.62,232,18.28,1.16,-20.40000000000001,Normal,Normal
CELL_0537,2026-01-06 14:00:00,-102.2,14.8,23.5,103.9,2.87,145,16.0,0.725,51.7,Normal,Normal
CELL_0345,2026-01-04 14:00:00,-98.6,18.0,31.4,125.8,0.74,106,19.36,0.53,87.0,Normal,Normal
CELL_0995,2026-01-11 08:30:00,-118.9,17.7,37.4,17.2,0.66,234,11.059999999999995,1.17,-26.8,Normal,Anomaly
CELL_0482,2026-01-06 00:15:00,-97.5,15.0,23.2,121.8,2.65,123,18.0,0.615,72.1,Normal,Normal
CELL_0576,2026-01-06 23:45:00,-101.3,15.0,26.6,109.5,0.01,124,16.48,0.62,82.80000000000001,Normal,Normal
CELL_0034,2026-01-01 08:15:00,-75.9,24.2,11.5,195.8,2.14,60,32.16,0.3,162.9,Normal,Normal
CELL_0032,2026-01-01 07:45:00,-82.5,29.2,16.8,192.5,1.52,20,32.52,0.1,160.5,Anomaly,Normal
CELL_0232,2026-01-03 09:45:00,-81.2,27.8,15.5,118.7,0.26,59,32.2,0.295,100.6,Normal,Normal
CELL_0964,2026-01-11 00:45:00,-93.9,18.2,20.6,22.3,4.36,261,21.36,1.305,-41.900000000000006,Normal,Normal
CELL_0193,2026-01-03 00:00:00,-87.5,27.0,12.3,179.3,0.99,67,29.2,0.335,157.1,Normal,Normal
CELL_0334,2026-01-04 11:15:00,-74.7,28.1,8.7,184.0,0.3,93,34.980000000000004,0.465,172.3,Normal,Normal
CELL_0004,2026-01-01 00:45:00,-81.8,21.1,15.2,110.2,0.11,105,27.94,0.525,93.9,Normal,Normal
CELL_0205,2026-01-03 03:00:00,-75.6,23.5,17.3,159.1,1.83,112,31.86,0.56,123.5,Normal,Normal
CELL_0515,2026-01-06 08:30:00,-91.2,15.7,22.1,70.5,2.56,125,20.94,0.625,22.8,Normal,Normal
CELL_0800,2026-01-09 07:45:00,-110.0,18.5,25.2,24.8,2.7,226,15.1,1.13,-27.4,Normal,Anomaly
CELL_0307,2026-01-04 04:30:00,-78.1,30.0,11.6,169.4,1.95,20,34.760000000000005,0.1,138.3,Normal,Normal
CELL_0110,2026-01-02 03:15:00,-80.2,22.0,15.0,135.3,0.8,50,29.12,0.25,112.3,Normal,Normal
CELL_0431,2026-01-05 11:30:00,-91.1,19.1,22.2,96.3,1.44,155,23.020000000000003,0.775,59.7,Normal,Normal
CELL_0078,2026-01-01 19:15:00,-83.1,29.6,5.1,183.9,1.55,118,32.52,0.59,163.3,Anomaly,Normal
CELL_0085,2026-01-01 21:00:00,-80.9,25.5,10.9,186.6,2.0,39,30.94,0.195,155.7,Normal,Normal
CELL_0287,2026-01-03 23:30:00,-88.2,26.8,5.9,112.5,0.56,78,28.8,0.39,101.0,Normal,Normal
CELL_0083,2026-01-01 20:30:00,-88.0,27.1,15.0,187.5,0.78,90,29.06,0.45,164.7,Normal,Normal
CELL_0992,2026-01-11 07:45:00,-106.1,14.2,21.1,15.6,2.81,224,14.080000000000002,1.12,-33.6,Normal,Anomaly
CELL_0790,2026-01-09 05:15:00,-108.5,11.3,47.4,61.5,1.36,181,11.38,0.905,0.5,Normal,Anomaly
CELL_0895,2026-01-10 07:30:00,-99.8,17.3,39.9,34.5,3.12,197,18.46,0.985,-36.6,Normal,Normal
CELL_0399,2026-01-05 03:30:00,-94.7,19.5,20.7,105.0,0.09,97,21.82,0.485,83.39999999999999,Normal,Normal
CELL_0324,2026-01-04 08:45:00,-83.9,28.8,7.7,107.2,1.24,31,31.72,0.155,87.1,Normal,Normal
CELL_0520,2026-01-06 09:45:00,-91.9,11.4,32.2,98.8,1.34,106,18.08,0.53,53.2,Normal,Normal
CELL_0917,2026-01-10 13:00:00,-116.4,16.3,40.3,89.6,0.19,291,11.219999999999995,1.455,47.4,Normal,Anomaly
CELL_0923,2026-01-10 14:30:00,-106.6,12.4,37.2,23.2,2.7,213,12.800000000000002,1.065,-41.0,Normal,Anomaly
CELL_0006,2026-01-01 01:15:00,-80.1,21.3,9.3,152.2,1.21,97,28.74,0.485,130.79999999999998,Normal,Normal
CELL_0732,2026-01-08 14:45:00,-114.9,11.8,44.1,61.9,2.64,280,9.119999999999996,1.4,-8.600000000000005,Normal,Anomaly
CELL_0466,2026-01-05 20:15:00,-91.4,12.0,32.7,56.0,0.16,157,18.64,0.785,21.7,Normal,Normal
CELL_0098,2026-01-02 00:15:00,-70.0,26.9,18.6,119.9,0.1,26,36.14,0.13,100.3,Anomaly,Normal
CELL_0267,2026-01-03 18:30:00,-83.0,25.4,12.9,107.6,0.86,23,30.04,0.115,86.1,Normal,Normal
CELL_0358,2026-01-04 17:15:00,-97.2,14.3,22.8,53.7,0.4,136,17.7,0.68,26.9,Normal,Normal
CELL_0869,2026-01-10 01:00:00,-94.9,6.5,49.7,79.9,1.31,237,13.94,1.185,17.1,Normal,Anomaly
CELL_0799,2026-01-09 07:30:00,-91.4,1.9,22.9,73.2,0.01,252,12.579999999999998,1.26,50.2,Normal,Anomaly
CELL_0381,2026-01-04 23:00:00,-93.5,11.5,25.1,117.2,0.17,134,17.5,0.67,90.4,Normal,Normal
CELL_0632,2026-01-07 13:45:00,-96.0,14.6,31.4,62.5,1.15,173,18.36,0.865,19.6,Normal,Normal
CELL_0382,2026-01-04 23:15:00,-99.9,16.4,24.7,113.4,1.64,81,17.879999999999995,0.405,72.30000000000001,Normal,Normal
CELL_0491,2026-01-06 02:30:00,-91.1,13.6,29.3,125.6,1.59,206,19.72,1.03,80.39999999999999,Normal,Normal
CELL_0119,2026-01-02 05:30:00,-73.5,26.9,11.3,173.0,2.37,111,34.739999999999995,0.555,138.0,Normal,Normal
CELL_0901,2026-01-10 09:00:00,-100.3,1.6,45.9,11.5,0.49,180,8.840000000000002,0.9,-39.3,Anomaly,Anomaly
CELL_0251,2026-01-03 14:30:00,-86.3,28.8,18.4,191.4,0.17,56,30.760000000000005,0.28,171.3,Normal,Normal
CELL_0524,2026-01-06 10:45:00,-94.0,11.1,25.3,111.3,2.61,172,17.06,0.86,59.900000000000006,Normal,Normal
CELL_0010,2026-01-01 02:15:00,-73.4,29.2,14.2,117.0,0.84,70,36.16,0.35,94.4,Normal,Normal
CELL_0197,2026-01-03 01:00:00,-85.1,24.1,17.7,112.9,1.75,92,28.42,0.46,77.7,Normal,Normal
CELL_0604,2026-01-07 06:45:00,-99.3,12.8,32.9,77.3,2.8,88,15.96,0.44,16.4,Normal,Normal
CELL_0082,2026-01-01 20:15:00,-73.3,21.6,5.3,179.1,0.98,92,31.640000000000004,0.46,163.99999999999997,Normal,Normal
CELL_0784,2026-01-09 03:45:00,-92.3,16.2,37.0,20.4,3.34,180,20.8,0.9,-50.0,Normal,Normal
CELL_0588,2026-01-07 02:45:00,-93.9,13.7,24.0,118.1,2.75,81,18.66,0.405,66.6,Normal,Normal
CELL_0798,2026-01-09 07:15:00,-103.7,13.8,30.9,32.0,3.66,203,14.8,1.015,-35.5,Normal,Normal
CELL_0240,2026-01-03 11:45:00,-75.1,29.5,17.7,154.1,0.11,85,35.660000000000004,0.425,135.3,Normal,Normal
CELL_0291,2026-01-04 00:30:00,-82.0,28.1,8.4,169.6,1.65,116,32.06,0.58,144.7,Normal,Normal
CELL_0212,2026-01-03 04:45:00,-84.9,27.1,12.2,168.5,0.33,43,30.3,0.215,153.0,Normal,Normal
CELL_0718,2026-01-08 11:15:00,-108.3,11.4,31.2,22.3,0.86,268,11.52,1.34,-17.5,Normal,Anomaly
CELL_0360,2026-01-04 17:45:00,-101.1,15.8,23.5,99.7,2.44,210,17.040000000000003,1.05,51.8,Normal,Normal
CELL_0450,2026-01-05 16:15:00,-91.1,14.3,28.9,63.8,2.63,110,20.14,0.55,8.600000000000001,Normal,Normal
CELL_0228,2026-01-03 08:45:00,-81.2,27.9,15.6,182.1,1.49,116,32.26,0.58,151.6,Normal,Normal
CELL_0951,2026-01-10 21:30:00,-110.9,15.5,44.0,15.7,0.86,252,12.939999999999998,1.26,-36.9,Normal,Anomaly
CELL_0947,2026-01-10 20:30:00,-115.5,15.6,23.5,34.4,0.66,268,11.16,1.34,4.299999999999998,Normal,Anomaly
CELL_0797,2026-01-09 07:00:00,-94.1,6.8,45.8,62.3,1.6,288,14.440000000000005,1.44,0.5,Normal,Anomaly
CELL_0502,2026-01-06 05:15:00,-94.2,19.3,25.8,88.2,2.13,184,21.9,0.92,41.10000000000001,Normal,Normal
CELL_0465,2026-01-05 20:00:00,-92.1,12.5,24.3,66.6,1.24,92,18.660000000000004,0.46,29.9,Normal,Normal
CELL_0363,2026-01-04 18:30:00,-92.5,14.2,23.2,104.8,0.09,174,19.52,0.87,80.69999999999999,Normal,Normal
CELL_0469,2026-01-05 21:00:00,-94.1,16.4,31.6,85.0,0.55,122,20.200000000000003,0.61,47.9,Normal,Normal
CELL_0936,2026-01-10 17:45:00,-96.7,12.7,27.4,12.9,3.79,260,16.939999999999998,1.3,-52.4,Normal,Normal
CELL_0429,2026-01-05 11:00:00,-96.3,16.7,30.1,65.3,1.73,220,19.5,1.1,17.899999999999995,Normal,Normal
CELL_0008,2026-01-01 01:45:00,-79.3,27.2,13.9,166.7,2.23,82,32.6,0.41,130.49999999999997,Normal,Normal
CELL_0156,2026-01-02 14:45:00,-77.4,29.7,5.1,146.6,1.14,105,34.86,0.525,130.1,Normal,Normal
CELL_0542,2026-01-06 15:15:00,-96.5,11.2,30.9,121.4,2.8,106,16.12,0.53,62.5,Normal,Normal
CELL_0441,2026-01-05 14:00:00,-95.0,19.0,30.7,57.0,2.33,188,21.4,0.94,3.0,Normal,Normal
CELL_0483,2026-01-06 00:30:00,-98.2,11.7,23.6,62.5,1.87,135,15.739999999999998,0.675,20.2,Normal,Normal
CELL_0423,2026-01-05 09:30:00,-103.9,13.9,30.1,71.4,2.39,145,14.779999999999998,0.725,17.400000000000002,Normal,Normal
CELL_0779,2026-01-09 02:30:00,-102.0,13.1,47.8,42.7,4.74,278,15.06,1.39,-52.5,Normal,Normal
CELL_0950,2026-01-10 21:15:00,-93.9,7.3,44.7,70.0,1.42,299,14.819999999999997,1.495,11.099999999999998,Normal,Anomaly
CELL_0335,2026-01-04 11:30:00,-92.8,15.3,23.5,96.4,0.54,138,20.06,0.69,67.5,Normal,Normal
CELL_0577,2026-01-07 00:00:00,-91.8,10.8,31.1,121.8,1.02,204,17.76,1.02,80.49999999999999,Normal,Normal
CELL_0935,2026-01-10 17:30:00,-108.4,10.8,31.1,57.6,1.06,257,11.119999999999996,1.285,15.9,Normal,Anomaly
CELL_0568,2026-01-06 21:45:00,-104.0,17.1,29.3,119.8,1.09,166,16.66,0.83,79.6,Normal,Normal
CELL_0595,2026-01-07 04:30:00,-93.8,19.4,23.7,91.7,0.47,89,22.12,0.445,63.3,Normal,Normal
CELL_0531,2026-01-06 12:30:00,-93.4,18.0,21.5,95.7,0.42,110,21.44,0.55,70.0,Normal,Normal
CELL_0582,2026-01-07 01:15:00,-102.2,12.4,31.5,74.1,2.98,170,14.56,0.85,12.799999999999994,Normal,Normal
CELL_0708,2026-01-08 08:45:00,-93.9,19.8,39.8,73.5,3.15,251,22.32,1.255,2.200000000000003,Normal,Normal
CELL_0449,2026-01-05 16:00:00,-102.5,18.3,31.2,101.9,1.23,109,17.98,0.545,58.400000000000006,Normal,Normal
CELL_0454,2026-01-05 17:15:00,-95.7,18.1,34.9,95.9,1.67,196,20.58,0.98,44.30000000000001,Normal,Normal
CELL_0229,2026-01-03 09:00:00,-71.1,25.3,8.1,185.5,0.3,90,34.74,0.45,174.4,Normal,Normal
CELL_0353,2026-01-04 16:00:00,-91.8,17.2,20.7,59.4,1.99,82,21.6,0.41,18.800000000000004,Normal,Normal
CELL_0729,2026-01-08 14:00:00,-114.6,19.0,27.4,64.9,1.44,272,13.560000000000002,1.36,23.10000000000001,Normal,Anomaly
CELL_0213,2026-01-03 05:00:00,-83.6,24.6,16.5,141.8,1.82,77,29.32,0.385,107.1,Normal,Normal
CELL_0080,2026-01-01 19:45:00,-73.4,22.2,5.0,121.0,2.29,73,31.96,0.365,93.1,Normal,Normal
CELL_0149,2026-01-02 13:00:00,-79.9,24.2,16.9,123.1,0.9,109,30.56,0.545,97.2,Normal,Normal
CELL_0303,2026-01-04 03:30:00,-83.3,28.0,6.4,161.7,2.17,117,31.480000000000004,0.585,133.6,Normal,Normal
CELL_0629,2026-01-07 13:00:00,-102.3,15.6,20.7,56.3,2.67,148,16.44,0.74,8.899999999999995,Normal,Normal
CELL_0778,2026-01-09 02:15:00,-92.7,1.1,47.9,32.8,0.13,186,11.58,0.93,-16.400000000000002,Normal,Anomaly
CELL_0507,2026-01-06 06:30:00,-96.5,13.3,20.9,123.4,1.71,164,17.380000000000003,0.82,85.4,Normal,Normal
CELL_0343,2026-01-04 13:30:00,-93.1,14.3,25.2,62.3,0.23,156,19.340000000000003,0.78,34.8,Normal,Normal
CELL_0486,2026-01-06 01:15:00,-99.7,18.0,24.1,106.1,1.25,114,18.92,0.57,69.5,Normal,Normal
CELL_0712,2026-01-08 09:45:00,-100.2,19.7,37.5,20.5,4.61,214,19.74,1.07,-63.1,Normal,Normal
CELL_0134,2026-01-02 09:15:00,-74.7,23.8,17.9,119.2,1.12,43,32.4,0.215,90.1,Normal,Normal
CELL_0704,2026-01-08 07:45:00,-100.3,3.6,47.8,37.5,1.91,267,10.040000000000004,1.335,-29.399999999999995,Normal,Anomaly
CELL_0312,2026-01-04 05:45:00,-75.7,29.5,7.0,105.6,1.0,82,35.42,0.41,88.6,Normal,Normal
CELL_0723,2026-01-08 12:30:00,-95.8,5.1,25.3,67.0,1.54,260,12.740000000000002,1.3,26.300000000000004,Normal,Anomaly
CELL_0630,2026-01-07 13:15:00,-98.5,14.0,32.5,124.6,1.92,120,17.0,0.6,72.89999999999999,Normal,Normal
CELL_0001,2026-01-01 00:00:00,-88.0,21.8,10.7,110.8,2.25,24,25.880000000000003,0.12,77.6,Normal,Normal
CELL_0317,2026-01-04 07:00:00,-83.5,22.1,11.2,150.3,1.3,58,27.86,0.29,126.10000000000002,Normal,Normal
CELL_0707,2026-01-08 08:30:00,-119.3,12.6,45.9,32.2,0.16,190,7.840000000000001,0.95,-15.299999999999995,Anomaly,Anomaly
CELL_0548,2026-01-06 16:45:00,-93.3,17.4,20.4,93.1,0.76,159,21.12,0.795,65.1,Normal,Normal
CELL_0873,2026-01-10 02:00:00,-92.0,13.9,24.7,55.6,4.72,188,19.54,0.94,-16.299999999999994,Normal,Normal
CELL_0533,2026-01-06 13:00:00,-99.2,19.6,34.9,58.7,1.18,131,20.08,0.655,12.000000000000004,Normal,Normal
CELL_0478,2026-01-05 23:15:00,-100.9,14.4,21.0,107.5,1.32,217,16.279999999999998,1.085,73.3,Normal,Normal
CELL_0405,2026-01-05 05:00:00,-98.3,17.0,22.5,90.5,0.46,105,18.880000000000003,0.525,63.4,Normal,Normal
CELL_0173,2026-01-02 19:00:00,-84.3,26.3,9.3,158.9,0.7,81,30.06,0.405,142.6,Normal,Normal
CELL_0126,2026-01-02 07:15:00,-80.2,29.2,11.1,191.4,0.2,70,33.44,0.35,178.3,Normal,Normal
CELL_0395,2026-01-05 02:30:00,-102.4,14.5,32.0,50.4,0.45,157,15.739999999999998,0.785,13.9,Normal,Normal
CELL_0421,2026-01-05 09:00:00,-95.6,13.3,27.0,123.9,1.64,137,17.740000000000002,0.685,80.5,Normal,Normal
CELL_0553,2026-01-06 18:00:00,-94.4,19.3,26.7,51.2,2.52,153,21.82,0.765,-0.6999999999999957,Normal,Normal
CELL_0904,2026-01-10 09:45:00,-97.4,12.9,48.5,74.4,4.52,253,16.779999999999998,1.265,-19.29999999999999,Normal,Normal
CELL_0091,2026-01-01 22:30:00,-85.5,26.9,18.6,165.8,0.26,25,29.94,0.125,144.60000000000002,Normal,Normal
CELL_0940,2026-01-10 18:45:00,-102.2,9.0,39.8,36.1,2.76,246,12.52,1.23,-31.3,Normal,Anomaly
CELL_0182,2026-01-02 21:15:00,-85.6,26.2,7.4,122.5,1.34,94,29.480000000000004,0.47,101.7,Normal,Normal
CELL_0275,2026-01-03 20:30:00,-82.2,29.0,12.2,119.2,1.54,83,32.52,0.415,91.6,Normal,Normal
CELL_0896,2026-01-10 07:45:00,-96.1,0.9,31.7,78.7,1.84,247,10.1,1.235,28.6,Normal,Anomaly
CELL_0070,2026-01-01 17:15:00,-87.5,27.5,13.5,144.5,0.26,96,29.5,0.48,128.4,Normal,Normal
CELL_0292,2026-01-04 00:45:00,-81.8,24.7,9.7,103.7,1.76,101,30.1,0.505,76.4,Normal,Normal
CELL_0132,2026-01-02 08:45:00,-77.8,22.3,18.5,130.4,0.39,78,30.260000000000005,0.39,108.0,Normal,Normal
CELL_0301,2026-01-04 03:00:00,-86.0,26.6,15.3,118.5,1.7,60,29.56,0.3,86.2,Normal,Normal
CELL_0425,2026-01-05 10:00:00,-102.5,12.2,21.5,111.0,1.05,143,14.32,0.715,79.0,Normal,Normal
CELL_0327,2026-01-04 09:30:00,-83.6,22.3,17.1,142.3,1.73,74,27.940000000000005,0.37,107.90000000000002,Normal,Normal
CELL_0145,2026-01-02 12:00:00,-84.5,22.4,7.9,119.0,1.65,31,27.64,0.155,94.6,Normal,Normal
CELL_0424,2026-01-05 09:45:00,-94.9,15.9,34.7,52.2,0.13,132,19.58,0.66,16.2,Normal,Normal
CELL_0581,2026-01-07 01:00:00,-99.5,15.5,20.0,50.1,1.66,175,17.5,0.875,13.500000000000004,Normal,Normal
CELL_0136,2026-01-02 09:45:00,-88.2,22.9,7.4,146.2,0.43,91,26.46,0.455,134.49999999999997,Normal,Normal
CELL_0451,2026-01-05 16:30:00,-99.0,11.0,29.8,55.1,1.25,197,15.0,0.985,12.8,Normal,Normal
CELL_0165,2026-01-02 17:00:00,-70.8,21.7,12.5,148.0,1.57,57,32.7,0.285,119.8,Normal,Normal
CELL_0029,2026-01-01 07:00:00,-85.3,26.1,6.2,131.7,0.85,88,29.540000000000003,0.44,117.0,Normal,Normal
CELL_0774,2026-01-09 01:15:00,-93.5,13.8,36.8,38.2,4.88,286,18.880000000000003,1.43,-47.39999999999999,Normal,Normal
CELL_0194,2026-01-03 00:15:00,-72.8,29.2,17.0,120.9,1.09,24,36.400000000000006,0.12,93.0,Anomaly,Normal
CELL_0389,2026-01-05 01:00:00,-96.1,12.7,27.6,122.9,0.45,188,17.18,0.94,90.8,Normal,Normal
CELL_0853,2026-01-09 21:00:00,-97.0,19.7,49.1,16.2,4.48,274,21.02,1.37,-77.70000000000002,Anomaly,Normal
CELL_0170,2026-01-02 18:15:00,-77.3,28.7,15.0,102.1,1.54,92,34.3,0.46,71.69999999999999,Normal,Normal
CELL_0706,2026-01-08 08:15:00,-119.9,16.4,26.7,70.4,0.28,200,9.879999999999995,1.0,40.900000000000006,Normal,Anomaly
CELL_0141,2026-01-02 11:00:00,-77.8,29.5,7.8,152.9,0.58,115,34.58,0.575,139.29999999999998,Normal,Normal
CELL_0174,2026-01-02 19:15:00,-77.9,27.9,8.6,162.6,0.92,94,33.58,0.47,144.8,Normal,Normal
CELL_0007,2026-01-01 01:30:00,-76.9,26.1,18.4,101.3,2.23,102,32.9,0.51,60.60000000000001,Normal,Normal
CELL_0746,2026-01-08 18:15:00,-99.9,11.5,28.9,73.3,3.52,191,14.939999999999998,0.955,9.199999999999996,Normal,Normal
CELL_0479,2026-01-05 23:30:00,-101.7,13.8,25.3,51.5,2.22,147,15.599999999999998,0.735,3.999999999999997,Normal,Normal
CELL_0074,2026-01-01 18:15:00,-74.2,24.3,6.4,200.0,1.51,54,32.9,0.27,178.5,Normal,Normal
CELL_0911,2026-01-10 11:30:00,-116.5,15.7,20.1,51.8,1.69,242,10.82,1.21,14.799999999999995,Normal,Anomaly
CELL_0814,2026-01-09 11:15:00,-92.6,17.9,27.3,76.7,4.24,220,21.700000000000003,1.1,7.0,Normal,Normal
CELL_0239,2026-01-03 11:30:00,-88.3,23.6,10.4,165.4,1.35,65,26.840000000000003,0.325,141.5,Normal,Normal
CELL_0146,2026-01-02 12:15:00,-81.2,23.7,11.8,118.6,0.81,29,29.74,0.145,98.7,Normal,Normal
CELL_0793,2026-01-09 06:00:00,-95.4,8.4,33.5,75.5,0.34,206,14.88,1.03,38.6,Normal,Anomaly
CELL_0235,2026-01-03 10:30:00,-81.6,29.7,15.9,194.2,2.29,106,33.18000000000001,0.53,155.39999999999998,Normal,Normal
CELL_0221,2026-01-03 07:00:00,-73.4,29.7,16.7,151.2,0.45,73,36.46,0.365,130.0,Normal,Normal
CELL_0924,2026-01-10 14:45:00,-108.7,15.9,38.5,33.0,1.36,290,14.06,1.45,-19.1,Normal,Anomaly
CELL_0501,2026-01-06 05:00:00,-93.7,10.2,32.3,124.8,0.38,116,16.64,0.58,88.7,Normal,Normal
CELL_0133,2026-01-02 09:00:00,-83.9,23.1,16.4,129.7,1.47,26,28.3,0.13,98.59999999999998,Normal,Normal
CELL_0991,2026-01-11 07:30:00,-95.3,13.4,24.2,78.0,4.15,295,17.92,1.475,12.299999999999995,Normal,Normal
CELL_0775,2026-01-09 01:30:00,-92.7,19.5,50.0,85.7,3.76,255,22.62,1.275,-1.899999999999992,Normal,Normal
CELL_0186,2026-01-02 22:15:00,-85.4,23.2,5.3,107.0,0.54,62,27.76,0.31,96.3,Normal,Normal
CELL_0042,2026-01-01 10:15:00,-79.9,21.4,19.0,114.2,2.18,48,28.879999999999995,0.24,73.4,Normal,Normal
CELL_0697,2026-01-08 06:00:00,-98.6,16.2,45.9,34.2,4.3,241,18.28,1.205,-54.7,Normal,Normal
CELL_0109,2026-01-02 03:00:00,-82.9,26.7,17.1,169.7,2.45,76,30.86,0.38,128.1,Normal,Normal
CELL_0589,2026-01-07 03:00:00,-95.3,17.8,28.1,115.5,0.79,180,20.56,0.9,79.5,Normal,Normal
CELL_0057,2026-01-01 14:00:00,-75.3,22.0,6.7,192.6,0.88,98,31.08,0.49,177.1,Normal,Normal
CELL_0406,2026-01-05 05:15:00,-91.2,10.2,33.6,105.7,2.64,100,17.64,0.5,45.69999999999999,Normal,Normal
CELL_0443,2026-01-05 14:30:00,-94.1,19.2,23.9,96.8,2.26,131,21.880000000000003,0.655,50.30000000000001,Normal,Normal
CELL_0758,2026-01-08 21:15:00,-113.3,19.2,27.2,75.0,1.09,212,14.2,1.06,36.9,Normal,Anomaly
CELL_0998,2026-01-11 09:15:00,-92.8,3.8,26.9,45.0,0.95,247,13.160000000000002,1.235,8.600000000000001,Normal,Anomaly
CELL_0025,2026-01-01 06:00:00,-80.8,28.0,7.2,132.5,1.29,91,32.480000000000004,0.455,112.4,Normal,Normal
CELL_0468,2026-01-05 20:45:00,-92.4,18.5,30.2,112.7,1.72,80,22.14,0.4,65.3,Normal,Normal
CELL_0540,2026-01-06 14:45:00,-103.5,12.9,27.4,60.6,0.79,129,14.34,0.645,25.300000000000004,Normal,Normal
CELL_0532,2026-01-06 12:45:00,-103.0,13.1,29.1,105.7,0.06,146,14.66,0.73,76.0,Normal,Normal
CELL_0619,2026-01-07 10:30:00,-91.6,17.3,34.0,79.0,1.35,142,21.74,0.71,31.5,Normal,Normal
CELL_0695,2026-01-08 05:30:00,-103.0,15.3,45.8,33.0,3.51,201,15.98,1.005,-47.89999999999999,Normal,Normal
CELL_0927,2026-01-10 15:30:00,-102.0,4.8,43.5,37.4,2.75,266,10.08,1.33,-33.6,Normal,Anomaly
CELL_0339,2026-01-04 12:30:00,-95.8,13.7,27.5,96.2,0.83,116,17.9,0.58,60.400000000000006,Normal,Normal
CELL_0052,2026-01-01 12:45:00,-88.8,26.9,12.7,104.2,2.35,113,28.62,0.565,68.0,Normal,Normal
CELL_0508,2026-01-06 06:45:00,-96.9,18.5,32.6,67.6,2.46,152,20.34,0.76,10.399999999999991,Normal,Normal
CELL_0517,2026-01-06 09:00:00,-93.4,19.3,32.5,109.6,2.75,216,22.22,1.08,49.6,Normal,Normal
CELL_0921,2026-01-10 14:00:00,-95.6,14.6,28.6,87.3,3.21,247,18.520000000000003,1.235,26.599999999999994,Normal,Normal
CELL_0782,2026-01-09 03:15:00,-96.0,4.4,44.6,78.3,1.1,187,12.240000000000002,0.935,22.7,Normal,Anomaly
CELL_0265,2026-01-03 18:00:00,-79.5,24.4,9.9,135.4,1.6,116,30.84,0.58,109.5,Normal,Normal
CELL_0818,2026-01-09 12:15:00,-106.1,15.7,41.9,68.1,1.74,233,14.980000000000002,1.165,8.799999999999997,Normal,Anomaly
CELL_0711,2026-01-08 09:30:00,-114.7,14.6,35.7,66.1,1.53,300,10.88,1.5,15.09999999999999,Normal,Anomaly
CELL_0683,2026-01-08 02:30:00,-91.2,3.9,31.7,74.9,2.14,266,13.86,1.33,21.8,Normal,Anomaly
CELL_0833,2026-01-09 16:00:00,-99.2,14.0,28.8,89.4,3.29,201,16.72,1.005,27.70000000000001,Normal,Normal
CELL_0519,2026-01-06 09:30:00,-92.8,19.6,33.8,67.1,1.79,195,22.64,0.975,15.4,Normal,Normal
CELL_0448,2026-01-05 15:45:00,-93.9,15.2,31.9,62.4,0.68,96,19.559999999999995,0.48,23.7,Normal,Normal
CELL_0019,2026-01-01 04:30:00,-74.7,24.0,9.9,163.9,2.42,73,32.52,0.365,129.8,Normal,Normal
CELL_0716,2026-01-08 10:45:00,-93.6,13.6,33.9,33.5,3.63,220,18.72,1.1,-36.7,Normal,Normal
CELL_0484,2026-01-06 00:45:00,-98.5,11.2,23.3,129.7,1.4,120,15.32,0.6,92.4,Normal,Normal
CELL_0569,2026-01-06 22:00:00,-93.8,14.4,22.8,81.2,2.49,196,19.120000000000005,0.98,33.5,Normal,Normal
CELL_0434,2026-01-05 12:15:00,-98.7,13.0,28.2,75.8,2.21,214,16.32,1.07,25.5,Normal,Normal
CELL_0368,2026-01-04 19:45:00,-92.4,13.2,32.1,60.5,2.83,152,18.96,0.76,0.0999999999999978,Normal,Normal
CELL_0084,2026-01-01 20:45:00,-74.1,24.0,5.3,114.5,0.71,45,32.760000000000005,0.225,102.1,Normal,Normal
CELL_0062,2026-01-01 15:15:00,-71.2,27.0,5.8,115.2,1.15,31,35.72,0.155,97.9,Normal,Normal
CELL_0639,2026-01-07 15:30:00,-95.3,18.9,32.8,116.2,2.8,87,21.22,0.435,55.400000000000006,Normal,Normal
CELL_0273,2026-01-03 20:00:00,-88.1,21.8,12.2,132.6,2.24,101,25.840000000000003,0.505,98.0,Normal,Normal
CELL_0286,2026-01-03 23:15:00,-88.0,28.0,10.2,101.8,2.0,78,29.6,0.39,71.6,Normal,Normal
CELL_0361,2026-01-04 18:00:00,-95.6,10.5,23.2,88.4,2.95,108,16.060000000000002,0.54,35.7,Normal,Normal
CELL_0355,2026-01-04 16:30:00,-98.2,17.8,22.7,97.3,2.41,150,19.4,0.75,50.49999999999999,Normal,Normal
CELL_0457,2026-01-05 18:00:00,-96.7,14.5,27.4,54.8,1.79,128,18.02,0.64,9.5,Normal,Normal
CELL_0279,2026-01-03 21:30:00,-71.3,26.6,17.7,132.0,0.29,26,35.440000000000005,0.13,111.4,Anomaly,Normal
CELL_0013,2026-01-01 03:00:00,-79.5,28.4,5.8,128.8,1.24,117,33.239999999999995,0.585,110.6,Normal,Normal
CELL_0183,2026-01-02 21:30:00,-77.9,21.3,15.6,163.9,1.94,120,29.62,0.6,128.9,Normal,Normal
CELL_0369,2026-01-04 20:00:00,-91.9,17.4,26.4,51.8,1.33,116,21.68,0.58,12.099999999999998,Normal,Normal
CELL_0882,2026-01-10 04:15:00,-110.9,15.2,39.0,20.8,0.68,297,12.759999999999998,1.485,-25.0,Normal,Anomaly
CELL_0616,2026-01-07 09:45:00,-99.4,17.3,22.5,86.4,0.76,196,18.62,0.98,56.3,Normal,Normal
CELL_0224,2026-01-03 07:45:00,-85.5,22.8,9.1,117.8,0.05,37,27.48,0.185,108.2,Normal,Normal
CELL_0573,2026-01-06 23:00:00,-94.2,15.4,34.4,124.1,0.33,104,19.56,0.52,86.39999999999999,Normal,Normal
CELL_0971,2026-01-11 02:30:00,-108.7,17.6,29.6,34.2,0.24,266,15.079999999999998,1.33,2.200000000000001,Normal,Anomaly
CELL_0654,2026-01-07 19:15:00,-103.1,13.5,32.3,114.7,2.55,128,14.860000000000005,0.64,56.900000000000006,Normal,Normal
CELL_0546,2026-01-06 16:15:00,-99.8,17.2,25.0,94.3,2.01,123,18.4,0.615,49.2,Normal,Normal
CELL_0583,2026-01-07 01:30:00,-96.9,16.8,20.8,51.0,1.43,149,19.32,0.745,15.9,Normal,Normal
CELL_0634,2026-01-07 14:15:00,-98.3,14.1,20.6,100.6,1.14,200,17.14,1.0,68.6,Normal,Normal
CELL_0177,2026-01-02 20:00:00,-88.5,26.9,7.4,161.4,0.66,75,28.74,0.375,147.4,Normal,Normal
CELL_0666,2026-01-07 22:15:00,-101.7,13.6,27.2,112.8,0.61,137,15.48,0.685,79.5,Normal,Normal
CELL_0674,2026-01-08 00:15:00,-102.0,17.1,36.9,85.3,3.15,295,17.46,1.475,16.9,Normal,Normal
CELL_0586,2026-01-07 02:15:00,-91.6,17.8,20.6,57.5,0.45,94,22.040000000000003,0.47,32.4,Normal,Normal
CELL_0874,2026-01-10 02:15:00,-114.4,10.2,24.4,56.4,0.37,229,8.359999999999998,1.145,28.3,Normal,Anomaly
CELL_0394,2026-01-05 02:15:00,-98.8,15.2,24.6,98.3,2.72,122,17.6,0.61,46.49999999999999,Normal,Normal
CELL_0164,2026-01-02 16:45:00,-71.7,24.4,16.8,194.8,0.56,108,33.96,0.54,172.4,Normal,Normal
CELL_0249,2026-01-03 14:00:00,-75.9,27.9,9.9,173.5,1.75,117,34.379999999999995,0.585,146.1,Normal,Normal
CELL_0635,2026-01-07 14:30:00,-99.3,18.3,24.2,101.7,1.56,136,19.26,0.68,61.9,Normal,Normal
CELL_0886,2026-01-10 05:15:00,-112.3,17.3,49.2,73.8,0.28,292,13.460000000000004,1.46,21.8,Normal,Anomaly
CELL_0670,2026-01-07 23:15:00,-94.4,16.8,25.0,22.5,4.97,295,20.32,1.475,-52.2,Anomaly,Normal
CELL_0376,2026-01-04 21:45:00,-98.7,16.2,22.9,93.1,2.16,95,18.24,0.475,48.59999999999999,Normal,Normal
CELL_0413,2026-01-05 07:00:00,-91.0,16.2,33.4,129.3,1.49,149,21.32,0.745,81.0,Normal,Normal
CELL_0075,2026-01-01 18:30:00,-86.7,29.2,10.1,191.5,0.9,52,30.84,0.26,172.4,Normal,Normal
CELL_0114,2026-01-02 04:15:00,-83.9,29.4,12.6,167.4,0.86,26,32.08,0.13,146.20000000000002,Normal,Normal
CELL_0599,2026-01-07 05:30:00,-98.0,11.4,34.5,76.6,2.2,146,15.64,0.73,20.099999999999994,Normal,Normal
CELL_0962,2026-01-11 00:15:00,-98.3,4.4,42.2,51.3,0.46,294,11.320000000000002,1.47,4.499999999999994,Normal,Anomaly
CELL_0391,2026-01-05 01:30:00,-97.6,19.3,24.8,86.8,2.48,122,20.540000000000003,0.61,37.2,Normal,Normal
CELL_0105,2026-01-02 02:00:00,-71.3,22.3,16.3,116.7,1.71,115,32.86000000000001,0.575,83.30000000000001,Normal,Normal
CELL_0115,2026-01-02 04:30:00,-86.8,22.2,12.2,160.0,1.29,71,26.6,0.355,134.9,Normal,Normal
CELL_0418,2026-01-05 08:15:00,-98.6,12.3,29.1,93.7,0.29,86,15.94,0.43,61.7,Normal,Normal
CELL_0526,2026-01-06 11:15:00,-97.4,15.1,21.5,88.0,1.94,82,18.099999999999994,0.41,47.1,Normal,Normal
CELL_0458,2026-01-05 18:15:00,-91.1,10.1,25.1,79.8,1.65,151,17.62,0.755,38.2,Normal,Normal
CELL_0410,2026-01-05 06:15:00,-96.1,12.8,20.6,93.0,2.05,96,17.240000000000002,0.48,51.900000000000006,Normal,Normal
CELL_0093,2026-01-01 23:00:00,-82.1,24.8,8.7,141.1,0.46,87,30.040000000000003,0.435,127.8,Normal,Normal
CELL_0931,2026-01-10 16:30:00,-102.8,15.2,46.1,50.0,4.65,250,16.0,1.25,-42.6,Normal,Normal
CELL_0090,2026-01-01 22:15:00,-88.0,24.7,15.2,147.2,0.96,104,27.62,0.52,122.4,Normal,Normal
CELL_0337,2026-01-04 12:00:00,-97.0,17.2,24.9,61.1,2.17,219,19.52,1.095,14.500000000000004,Normal,Normal
CELL_0989,2026-01-11 07:00:00,-101.7,2.7,31.3,24.1,2.95,229,8.94,1.145,-36.7,Normal,Anomaly
CELL_0922,2026-01-10 14:15:00,-95.6,19.9,45.7,18.0,5.0,212,21.700000000000003,1.06,-77.7,Anomaly,Normal
CELL_0934,2026-01-10 17:15:00,-101.0,18.3,27.7,16.1,4.48,228,18.58,1.14,-56.400000000000006,Normal,Normal
CELL_0606,2026-01-07 07:15:00,-93.2,15.4,29.5,93.2,1.39,81,19.96,0.405,49.8,Normal,Normal
CELL_0594,2026-01-07 04:15:00,-91.1,18.7,33.3,124.2,0.48,109,22.78,0.545,86.10000000000001,Normal,Normal
CELL_0612,2026-01-07 08:45:00,-97.9,14.4,34.6,89.3,1.47,203,17.479999999999997,1.015,40.0,Normal,Normal
CELL_0095,2026-01-01 23:30:00,-77.5,22.3,15.6,194.4,1.5,78,30.380000000000003,0.39,163.8,Normal,Normal
CELL_0012,2026-01-01 02:45:00,-87.3,26.7,5.2,135.2,0.57,88,29.1,0.44,124.3,Normal,Normal
CELL_0397,2026-01-05 03:00:00,-96.3,13.7,21.8,117.4,2.34,185,17.700000000000003,0.925,72.20000000000002,Normal,Normal
CELL_0534,2026-01-06 13:15:00,-101.6,14.3,27.2,91.1,1.52,200,15.940000000000005,1.0,48.69999999999999,Normal,Normal
CELL_0044,2026-01-01 10:45:00,-75.6,29.1,5.2,173.0,0.57,28,35.22,0.14,162.10000000000002,Anomaly,Normal
CELL_0043,2026-01-01 10:30:00,-77.6,21.3,12.1,190.9,1.5,56,29.74,0.28,163.8,Normal,Normal
CELL_0330,2026-01-04 10:15:00,-87.9,28.8,14.4,159.2,2.5,70,30.12,0.35,119.79999999999998,Normal,Normal
CELL_0168,2026-01-02 17:45:00,-72.6,23.5,11.6,113.7,2.05,61,33.06,0.305,81.60000000000001,Normal,Normal
CELL_0498,2026-01-06 04:15:00,-91.5,14.1,21.2,123.0,1.64,85,19.86,0.425,85.4,Normal,Normal
CELL_0877,2026-01-10 03:00:00,-111.6,19.3,22.1,64.4,2.18,222,14.940000000000005,1.11,20.500000000000004,Normal,Anomaly
CELL_0598,2026-01-07 05:15:00,-95.2,17.1,22.8,69.3,2.29,112,20.18,0.56,23.6,Normal,Normal
CELL_0757,2026-01-08 21:00:00,-91.8,8.0,31.5,71.1,1.66,206,16.080000000000002,1.03,23.0,Normal,Anomaly
CELL_0101,2026-01-02 01:00:00,-75.5,27.9,11.8,152.6,0.58,100,34.54,0.5,134.99999999999997,Normal,Normal
CELL_0427,2026-01-05 10:30:00,-94.0,20.0,21.6,123.0,0.51,125,22.4,0.625,96.3,Normal,Normal
CELL_0179,2026-01-02 20:30:00,-75.0,26.7,18.5,160.6,0.57,105,34.02,0.525,136.4,Normal,Normal
CELL_0445,2026-01-05 15:00:00,-99.4,19.5,24.8,72.0,2.01,124,19.94,0.62,27.100000000000005,Normal,Normal
CELL_0417,2026-01-05 08:00:00,-93.7,13.9,30.5,118.2,0.13,84,18.86,0.42,86.4,Normal,Normal
CELL_0871,2026-01-10 01:30:00,-110.0,19.9,30.2,84.2,1.78,297,15.94,1.485,36.2,Normal,Anomaly
CELL_0883,2026-01-10 04:30:00,-98.1,17.4,27.2,87.6,4.13,283,19.200000000000003,1.415,19.099999999999994,Normal,Normal
CELL_0681,2026-01-08 02:00:00,-95.2,4.4,34.7,49.9,2.92,259,12.56,1.295,-14.000000000000004,Normal,Anomaly
CELL_0178,2026-01-02 20:15:00,-86.4,26.2,10.4,174.9,2.3,28,29.16,0.14,141.5,Normal,Normal
CELL_0396,2026-01-05 02:45:00,-97.0,16.5,21.3,107.0,2.83,208,19.1,1.04,57.400000000000006,Normal,Normal
CELL_0912,2026-01-10 11:45:00,-97.7,5.1,36.4,81.7,0.64,197,11.98,0.985,38.900000000000006,Normal,Anomaly
CELL_0794,2026-01-09 06:15:00,-91.1,12.3,43.9,81.3,4.3,288,18.94,1.44,-5.600000000000001,Normal,Normal
CELL_0961,2026-01-11 00:00:00,-111.3,19.7,26.4,19.3,1.01,193,15.3,0.965,-17.199999999999996,Normal,Anomaly
CELL_0685,2026-01-08 03:00:00,-114.3,10.3,25.8,63.8,0.94,257,8.46,1.285,28.6,Normal,Anomaly
CELL_0384,2026-01-04 23:45:00,-97.2,13.7,34.9,61.0,0.23,165,17.339999999999996,0.825,23.8,Normal,Normal
CELL_0957,2026-01-10 23:00:00,-99.6,2.1,33.5,33.6,0.67,272,9.420000000000002,1.36,-6.599999999999999,Normal,Anomaly
CELL_0752,2026-01-08 19:45:00,-97.7,16.7,39.3,28.9,3.78,294,18.94,1.47,-48.2,Normal,Normal
CELL_0258,2026-01-03 16:15:00,-85.5,21.4,11.0,123.7,1.3,54,26.64,0.27,99.7,Normal,Normal
CELL_0539,2026-01-06 14:30:00,-98.3,16.8,28.4,81.0,2.85,191,18.76,0.955,24.1,Normal,Normal
CELL_0336,2026-01-04 11:45:00,-101.0,14.2,30.9,105.7,0.04,218,16.12,1.09,74.4,Normal,Normal
CELL_0016,2026-01-01 03:45:00,-76.0,29.6,13.9,100.0,1.54,85,35.36,0.425,70.69999999999999,Normal,Normal
CELL_0325,2026-01-04 09:00:00,-87.0,27.0,9.7,174.9,1.16,75,29.4,0.375,153.60000000000002,Normal,Normal
CELL_0759,2026-01-08 21:30:00,-100.5,0.3,30.8,62.2,0.01,207,7.98,1.035,31.3,Normal,Anomaly
CELL_0223,2026-01-03 07:30:00,-72.1,24.5,13.8,174.3,1.44,88,33.86,0.44,146.1,Normal,Normal
CELL_0180,2026-01-02 20:45:00,-86.0,21.5,12.0,133.7,1.68,70,26.5,0.35,104.9,Normal,Normal
CELL_0984,2026-01-11 05:45:00,-93.9,2.9,22.7,16.1,1.16,288,12.179999999999998,1.44,-18.2,Anomaly,Anomaly
CELL_0023,2026-01-01 05:30:00,-85.8,26.3,11.1,174.1,1.14,22,29.46,0.11,151.6,Normal,Normal
CELL_0357,2026-01-04 17:00:00,-102.8,17.1,23.1,120.6,0.08,158,17.14,0.79,96.7,Normal,Normal
CELL_0667,2026-01-07 22:30:00,-98.5,18.7,29.1,111.7,2.97,205,19.82,1.025,52.89999999999999,Normal,Normal
CELL_0862,2026-01-09 23:15:00,-109.7,19.1,38.2,66.6,0.52,231,15.58,1.155,23.199999999999992,Normal,Anomaly
CELL_0341,2026-01-04 13:00:00,-94.4,13.1,29.7,95.1,0.68,201,18.1,1.005,58.6,Normal,Normal
CELL_0432,2026-01-05 11:45:00,-97.9,18.6,24.3,86.9,2.96,89,20.0,0.445,33.00000000000001,Normal,Normal
CELL_0552,2026-01-06 17:45:00,-103.6,14.0,27.1,80.1,0.85,194,14.960000000000004,0.97,44.49999999999999,Normal,Normal
CELL_0834,2026-01-09 16:15:00,-100.4,4.4,38.4,48.3,1.2,185,10.48,0.925,-2.1000000000000014,Normal,Anomaly
CELL_0204,2026-01-03 02:45:00,-80.5,23.1,10.4,132.2,1.9,88,29.660000000000004,0.44,102.79999999999998,Normal,Normal
CELL_0631,2026-01-07 13:30:00,-96.5,10.7,34.8,120.7,2.39,218,15.82,1.09,62.0,Normal,Normal
CELL_0094,2026-01-01 23:15:00,-72.9,29.3,6.3,185.5,0.01,94,36.42,0.47,179.1,Anomaly,Normal
CELL_0559,2026-01-06 19:30:00,-94.7,11.9,28.1,51.9,2.29,94,17.259999999999998,0.47,0.8999999999999986,Normal,Normal
CELL_0069,2026-01-01 17:00:00,-83.0,28.6,16.2,150.6,0.01,57,31.96,0.285,134.3,Normal,Normal
CELL_0623,2026-01-07 11:30:00,-97.1,10.4,30.3,53.0,2.61,124,15.400000000000002,0.62,-3.3999999999999986,Normal,Normal
CELL_0285,2026-01-03 23:00:00,-79.2,24.2,17.1,175.1,1.8,50,30.84,0.25,140.0,Normal,Normal
CELL_0845,2026-01-09 19:00:00,-102.6,6.0,34.5,71.8,2.44,251,10.560000000000002,1.255,12.9,Normal,Anomaly
CELL_0435,2026-01-05 12:30:00,-99.3,17.2,22.1,54.2,2.88,157,18.6,0.785,3.3000000000000043,Normal,Normal
CELL_0154,2026-01-02 14:15:00,-81.5,27.3,14.6,100.6,2.3,80,31.78,0.4,63.0,Normal,Normal
CELL_0076,2026-01-01 18:45:00,-81.2,26.6,12.3,155.4,0.3,88,31.48,0.44,140.1,Normal,Normal
CELL_0731,2026-01-08 14:30:00,-111.7,19.2,22.7,39.5,1.69,280,14.839999999999998,1.4,-0.0999999999999978,Normal,Anomaly
CELL_0447,2026-01-05 15:30:00,-103.0,13.1,24.3,101.7,2.04,160,14.66,0.8,57.00000000000001,Normal,Normal
CELL_0189,2026-01-02 23:00:00,-72.4,22.3,11.3,153.3,2.05,37,32.42,0.185,121.5,Normal,Normal
CELL_0272,2026-01-03 19:45:00,-75.2,25.3,7.6,192.6,0.16,77,33.099999999999994,0.385,183.4,Normal,Normal
CELL_0237,2026-01-03 11:00:00,-70.2,26.5,18.0,110.1,0.78,66,35.82,0.33,84.3,Normal,Normal
CELL_0488,2026-01-06 01:45:00,-94.3,19.4,28.7,56.6,1.62,89,21.92,0.445,11.7,Normal,Normal
CELL_0118,2026-01-02 05:15:00,-84.1,27.2,10.2,119.0,2.16,74,30.680000000000003,0.37,87.19999999999999,Normal,Normal
CELL_0944,2026-01-10 19:45:00,-107.8,13.1,35.7,46.8,1.11,244,12.740000000000002,1.22,-7.105427357601002e-15,Normal,Anomaly
CELL_0513,2026-01-06 08:00:00,-92.5,16.3,20.9,122.7,2.74,141,20.78,0.705,74.4,Normal,Normal
CELL_0826,2026-01-09 14:15:00,-107.0,17.0,43.5,10.2,2.94,225,15.4,1.125,-62.7,Normal,Anomaly
CELL_0592,2026-01-07 03:45:00,-102.0,11.1,33.4,62.2,2.18,83,13.86,0.415,7.000000000000004,Normal,Normal
CELL_0127,2026-01-02 07:30:00,-72.5,29.8,17.7,161.1,0.81,92,36.88,0.46,135.3,Normal,Normal
CELL_0117,2026-01-02 05:00:00,-75.0,22.1,6.0,151.0,0.94,45,31.26,0.225,135.6,Normal,Normal
CELL_0474,2026-01-05 22:15:00,-91.8,12.9,32.6,65.4,2.09,139,19.020000000000003,0.695,11.900000000000006,Normal,Normal
CELL_0694,2026-01-08 05:15:00,-100.0,2.3,47.7,18.4,2.36,244,9.38,1.22,-52.900000000000006,Normal,Anomaly
CELL_0058,2026-01-01 14:15:00,-88.7,25.7,9.0,121.3,2.34,33,27.94,0.165,88.9,Normal,Normal
CELL_0864,2026-01-09 23:45:00,-98.7,16.3,42.3,27.2,4.8,265,18.3,1.325,-63.1,Normal,Normal
CELL_0913,2026-01-10 12:00:00,-96.8,16.7,48.7,79.5,3.42,261,19.3,1.305,-3.4000000000000057,Normal,Normal
CELL_0370,2026-01-04 20:15:00,-96.9,14.8,32.1,55.4,1.39,195,18.12,0.975,9.4,Normal,Normal
CELL_0269,2026-01-03 19:00:00,-74.5,24.3,16.4,148.4,0.56,80,32.78,0.4,126.4,Normal,Normal
CELL_0047,2026-01-01 11:30:00,-73.0,23.7,17.1,146.7,0.71,31,33.02,0.155,122.5,Normal,Normal
CELL_0350,2026-01-04 15:15:00,-99.2,10.1,26.4,67.6,2.8,154,14.38,0.77,13.199999999999996,Normal,Normal
CELL_0196,2026-01-03 00:45:00,-79.1,27.3,15.0,101.0,1.37,104,32.74,0.52,72.3,Normal,Normal
CELL_1000,2026-01-11 09:45:00,-107.6,13.2,49.1,85.8,0.69,199,12.880000000000004,0.995,29.8,Normal,Anomaly
CELL_0835,2026-01-09 16:30:00,-96.1,7.7,39.4,20.4,1.07,284,14.180000000000003,1.42,-29.700000000000003,Normal,Anomaly
CELL_0737,2026-01-08 16:00:00,-100.9,18.6,22.5,82.0,4.26,240,18.8,1.2,16.900000000000006,Normal,Normal
CELL_0264,2026-01-03 17:45:00,-86.5,25.4,18.5,111.1,2.29,64,28.64,0.32,69.69999999999999,Normal,Normal
CELL_0444,2026-01-05 14:45:00,-91.3,13.1,22.4,129.1,0.62,194,19.340000000000003,0.97,100.5,Normal,Normal
CELL_0676,2026-01-08 00:45:00,-114.6,14.8,46.2,87.9,1.22,257,11.040000000000004,1.285,29.500000000000004,Normal,Anomaly
CELL_0305,2026-01-04 04:00:00,-70.7,22.3,10.7,105.6,0.1,98,33.1,0.49,93.9,Normal,Normal
CELL_0342,2026-01-04 13:15:00,-96.1,17.4,28.7,51.0,2.71,135,20.0,0.675,-4.800000000000001,Normal,Normal
CELL_0967,2026-01-11 01:30:00,-112.7,19.9,40.5,71.4,0.58,181,14.86,0.905,25.100000000000005,Normal,Anomaly
CELL_0150,2026-01-02 13:15:00,-84.2,26.2,6.3,100.9,1.78,67,30.04,0.335,76.80000000000001,Normal,Normal
CELL_0125,2026-01-02 07:00:00,-71.7,22.5,11.5,178.9,1.19,77,32.82,0.385,155.5,Normal,Normal
CELL_0787,2026-01-09 04:30:00,-119.1,17.2,34.9,20.8,0.69,207,10.68,1.035,-21.0,Normal,Anomaly
CELL_0051,2026-01-01 12:30:00,-70.4,29.8,8.4,120.8,1.01,23,37.72,0.115,102.3,Anomaly,Normal
CELL_0354,2026-01-04 16:15:00,-101.1,19.1,30.8,94.3,0.28,151,19.020000000000003,0.755,60.7,Normal,Normal
CELL_0928,2026-01-10 15:45:00,-95.2,14.9,40.5,70.2,3.95,277,18.86,1.385,-9.799999999999995,Normal,Normal
CELL_0143,2026-01-02 11:30:00,-71.4,24.6,12.7,180.1,1.98,75,34.2,0.375,147.6,Normal,Normal
CELL_0471,2026-01-05 21:30:00,-93.8,14.9,20.9,66.7,0.05,167,19.42,0.835,45.3,Normal,Normal
CELL_0400,2026-01-05 03:45:00,-98.7,10.9,31.7,83.9,0.31,194,15.06,0.97,49.1,Normal,Normal
CELL_0626,2026-01-07 12:15:00,-98.1,17.9,27.3,96.9,2.89,185,19.5,0.925,40.7,Normal,Normal
CELL_0321,2026-01-04 08:00:00,-88.0,28.0,15.5,173.4,1.58,78,29.6,0.39,142.1,Normal,Normal
CELL_0020,2026-01-01 04:45:00,-87.8,28.8,7.0,166.9,1.86,100,30.160000000000004,0.5,141.3,Normal,Normal
CELL_0810,2026-01-09 10:15:00,-109.1,12.6,20.9,55.8,0.87,207,11.920000000000002,1.035,26.2,Normal,Anomaly
CELL_0791,2026-01-09 05:30:00,-93.6,16.4,27.3,55.3,4.24,226,20.4,1.13,-14.40000000000001,Normal,Normal
CELL_0809,2026-01-09 10:00:00,-104.0,19.3,41.6,71.3,3.63,284,17.98,1.42,-6.600000000000001,Normal,Normal
CELL_0408,2026-01-05 05:45:00,-95.3,12.2,33.6,93.4,1.63,155,17.200000000000003,0.775,43.50000000000001,Normal,Normal
CELL_0538,2026-01-06 14:15:00,-102.3,20.0,26.4,103.4,2.84,104,19.08,0.52,48.6,Normal,Normal
CELL_0621,2026-01-07 11:00:00,-95.7,14.8,34.3,128.9,2.22,80,18.6,0.4,72.4,Normal,Normal
CELL_0039,2026-01-01 09:30:00,-80.2,27.9,14.9,124.3,1.11,76,32.66,0.38,98.29999999999998,Normal,Normal
CELL_0176,2026-01-02 19:45:00,-74.9,27.0,10.5,149.3,0.53,62,34.239999999999995,0.31,133.5,Normal,Normal
CELL_0246,2026-01-03 13:15:00,-70.6,21.4,14.0,163.0,1.46,61,32.6,0.305,134.4,Normal,Normal
CELL_0829,2026-01-09 15:00:00,-94.6,16.0,20.1,73.1,4.59,202,19.760000000000005,1.01,7.099999999999994,Normal,Normal
CELL_0668,2026-01-07 22:45:00,-96.4,18.1,40.6,73.0,4.23,248,20.3,1.24,-9.900000000000006,Normal,Normal
CELL_0755,2026-01-08 20:30:00,-95.0,14.2,46.4,43.8,4.31,247,18.52,1.235,-45.7,Normal,Normal
CELL_0859,2026-01-09 22:30:00,-119.2,13.9,24.3,16.2,1.5,262,8.659999999999998,1.31,-23.1,Anomaly,Anomaly
CELL_0155,2026-01-02 14:30:00,-84.7,26.4,7.2,159.9,1.11,111,29.96,0.555,141.60000000000002,Normal,Normal
CELL_0288,2026-01-03 23:45:00,-86.0,28.3,15.5,153.6,1.26,21,30.58,0.105,125.5,Normal,Normal
CELL_0603,2026-01-07 06:30:00,-94.2,16.2,23.7,74.0,1.99,182,20.04,0.91,30.4,Normal,Normal
CELL_0570,2026-01-06 22:15:00,-102.3,10.3,35.0,74.1,1.93,125,13.260000000000002,0.625,19.8,Normal,Normal
CELL_0744,2026-01-08 17:45:00,-113.2,16.5,47.7,11.6,2.95,291,12.62,1.455,-65.6,Anomaly,Anomaly
CELL_0018,2026-01-01 04:15:00,-78.6,26.7,5.4,132.2,2.39,24,32.58,0.12,102.89999999999998,Normal,Normal
CELL_0128,2026-01-02 07:45:00,-78.3,25.8,8.3,105.7,1.74,85,32.160000000000004,0.425,80.0,Normal,Normal
CELL_0323,2026-01-04 08:30:00,-87.6,29.1,5.5,133.8,0.43,20,30.42,0.1,124.0,Normal,Normal
CELL_0256,2026-01-03 15:45:00,-76.7,21.0,18.3,198.9,1.95,51,29.92,0.255,161.1,Normal,Normal
CELL_0658,2026-01-07 20:15:00,-97.2,11.1,21.1,55.6,1.53,190,15.779999999999998,0.95,19.2,Normal,Normal
CELL_0965,2026-01-11 01:00:00,-114.5,10.2,49.5,17.3,1.62,273,8.32,1.365,-48.400000000000006,Anomaly,Anomaly
CELL_0191,2026-01-02 23:30:00,-87.2,23.1,14.5,137.3,0.91,34,26.98,0.17,113.70000000000002,Normal,Normal
CELL_0116,2026-01-02 04:45:00,-75.6,21.6,7.6,134.9,0.82,73,30.72,0.365,119.1,Normal,Normal
CELL_0617,2026-01-07 10:00:00,-93.4,17.9,26.5,61.8,0.65,144,21.379999999999995,0.72,28.8,Normal,Normal
CELL_0607,2026-01-07 07:30:00,-101.2,18.8,27.1,121.7,0.17,193,18.8,0.965,92.9,Normal,Normal
CELL_0181,2026-01-02 21:00:00,-78.3,29.2,12.5,131.1,1.94,108,34.2,0.54,99.2,Normal,Normal
CELL_0302,2026-01-04 03:15:00,-73.5,28.0,16.1,170.9,2.49,30,35.400000000000006,0.15,129.9,Normal,Normal
CELL_0760,2026-01-08 21:45:00,-92.5,4.2,49.9,59.3,1.51,222,13.52,1.11,-5.700000000000001,Normal,Anomaly
CELL_0713,2026-01-08 10:00:00,-110.7,13.8,40.6,86.6,0.79,288,11.999999999999998,1.44,38.1,Normal,Anomaly
CELL_0724,2026-01-08 12:45:00,-112.8,12.8,45.7,86.5,0.29,192,10.56,0.96,37.9,Normal,Anomaly
CELL_0686,2026-01-08 03:15:00,-106.8,12.0,22.1,72.2,0.55,202,12.48,1.01,44.6,Normal,Anomaly
CELL_0980,2026-01-11 04:45:00,-111.2,17.1,38.6,86.7,1.4,208,13.78,1.04,34.1,Normal,Anomaly
CELL_0518,2026-01-06 09:15:00,-93.2,16.3,22.5,51.8,1.65,164,20.5,0.82,12.799999999999995,Normal,Normal
CELL_0985,2026-01-11 06:00:00,-101.3,15.9,38.4,86.5,3.99,296,17.02,1.48,8.199999999999996,Normal,Normal
CELL_0046,2026-01-01 11:15:00,-79.6,22.5,5.7,152.5,1.91,87,29.660000000000004,0.435,127.70000000000002,Normal,Normal
CELL_0910,2026-01-10 11:15:00,-98.8,0.8,28.4,22.5,1.38,259,8.960000000000003,1.295,-19.7,Normal,Anomaly
CELL_0158,2026-01-02 15:15:00,-74.4,29.2,8.4,112.5,1.61,120,35.76,0.6,88.0,Normal,Normal
CELL_0852,2026-01-09 20:45:00,-94.0,18.1,48.6,85.3,3.55,232,21.26,1.16,1.1999999999999955,Normal,Normal
CELL_0172,2026-01-02 18:45:00,-85.7,22.8,15.8,185.9,0.76,72,27.4,0.36,162.5,Normal,Normal
CELL_0017,2026-01-01 04:00:00,-82.3,21.8,11.1,100.9,1.34,29,28.160000000000004,0.145,76.4,Normal,Normal
CELL_0512,2026-01-06 07:45:00,-96.4,19.1,30.5,97.9,1.25,148,20.9,0.74,54.900000000000006,Normal,Normal
CELL_0049,2026-01-01 12:00:00,-76.9,24.5,16.2,144.9,0.15,75,31.94,0.375,127.20000000000002,Normal,Normal
CELL_0972,2026-01-11 02:45:00,-96.4,7.6,20.3,25.1,0.37,274,13.999999999999996,1.37,1.1000000000000003,Normal,Anomaly
CELL_0941,2026-01-10 19:00:00,-94.8,1.8,21.2,55.8,2.28,282,11.160000000000002,1.41,11.799999999999995,Normal,Anomaly
CELL_0516,2026-01-06 08:45:00,-94.7,11.8,33.8,121.7,0.28,105,17.2,0.525,85.10000000000001,Normal,Normal
CELL_0953,2026-01-10 22:00:00,-102.8,17.6,49.2,36.1,4.21,225,17.44,1.125,-55.2,Normal,Normal
CELL_0481,2026-01-06 00:00:00,-95.7,17.3,29.2,50.9,0.99,171,20.1,0.855,11.8,Normal,Normal
CELL_0284,2026-01-03 22:45:00,-70.4,24.7,12.4,181.6,1.39,100,34.66,0.5,155.29999999999998,Normal,Normal
CELL_0719,2026-01-08 11:30:00,-106.1,11.7,47.9,23.3,1.3,203,12.580000000000002,1.015,-37.6,Normal,Anomaly
CELL_0878,2026-01-10 03:15:00,-106.2,13.4,41.0,62.6,0.34,250,13.56,1.25,18.200000000000003,Normal,Anomaly
CELL_0226,2026-01-03 08:15:00,-73.8,27.9,16.2,147.2,0.81,29,35.22,0.145,122.9,Normal,Normal
CELL_0027,2026-01-01 06:30:00,-87.2,29.4,8.4,188.6,0.66,25,30.76,0.125,173.6,Anomaly,Normal
CELL_0955,2026-01-10 22:30:00,-93.5,11.0,34.2,61.0,4.36,192,17.200000000000003,0.96,-16.800000000000004,Normal,Normal
CELL_0438,2026-01-05 13:15:00,-101.6,19.5,25.8,75.3,0.64,131,19.06,0.655,43.1,Normal,Normal
CELL_0952,2026-01-10 21:45:00,-98.4,2.6,47.3,72.8,2.0,300,10.2,1.5,5.5,Anomaly,Anomaly
CELL_0365,2026-01-04 19:00:00,-92.9,15.2,32.9,50.6,2.7,126,19.96,0.63,-9.299999999999995,Normal,Normal
CELL_0230,2026-01-03 09:15:00,-77.5,24.1,14.2,119.8,0.55,119,31.46,0.595,100.1,Normal,Normal
CELL_0038,2026-01-01 09:15:00,-73.4,23.9,18.2,105.2,0.97,33,32.98,0.165,77.3,Normal,Normal
CELL_0966,2026-01-11 01:15:00,-107.7,12.1,36.2,89.0,1.58,226,12.18,1.13,37.0,Normal,Anomaly
CELL_0375,2026-01-04 21:30:00,-101.2,10.8,20.8,100.1,0.5,104,14.0,0.52,74.3,Normal,Normal
CELL_0470,2026-01-05 21:15:00,-95.9,13.5,28.6,66.1,0.45,86,17.74,0.43,32.99999999999999,Normal,Normal
CELL_0968,2026-01-11 01:45:00,-112.6,10.4,36.5,19.2,2.68,253,9.200000000000005,1.265,-44.1,Normal,Anomaly
CELL_0851,2026-01-09 20:30:00,-98.9,12.8,25.3,29.9,4.19,232,16.119999999999997,1.16,-37.30000000000001,Normal,Normal
CELL_0705,2026-01-08 08:00:00,-94.9,5.7,23.1,24.4,1.96,230,13.46,1.15,-18.300000000000004,Normal,Anomaly
CELL_0842,2026-01-09 18:15:00,-111.2,12.2,40.3,39.8,2.3,204,10.839999999999998,1.02,-23.5,Normal,Anomaly
CELL_0195,2026-01-03 00:30:00,-87.6,27.9,16.7,110.1,1.18,45,29.700000000000003,0.225,81.6,Normal,Normal
CELL_0855,2026-01-09 21:30:00,-115.3,18.8,40.2,57.8,2.07,222,13.16,1.11,-3.100000000000005,Normal,Anomaly
CELL_0865,2026-01-10 00:00:00,-110.6,17.9,39.9,33.8,1.74,239,14.5,1.195,-23.5,Normal,Anomaly
CELL_0504,2026-01-06 05:45:00,-100.9,19.3,24.9,100.7,0.76,153,19.22,0.765,68.20000000000002,Normal,Normal
CELL_0970,2026-01-11 02:15:00,-100.2,11.9,37.9,63.8,3.7,262,15.06,1.31,-11.1,Normal,Normal
CELL_0831,2026-01-09 15:30:00,-95.3,18.8,30.2,89.0,4.92,199,21.160000000000004,0.995,9.599999999999994,Normal,Normal
CELL_0580,2026-01-07 00:45:00,-95.2,17.9,22.4,81.1,1.07,135,20.66,0.675,47.99999999999999,Normal,Normal
CELL_0969,2026-01-11 02:00:00,-113.5,12.6,33.3,15.0,1.68,231,10.16,1.155,-35.099999999999994,Normal,Anomaly
CELL_0163,2026-01-02 16:30:00,-80.9,21.9,11.9,191.0,1.55,99,28.78,0.495,163.6,Normal,Normal
CELL_0909,2026-01-10 11:00:00,-99.8,19.3,34.3,32.9,3.95,196,19.660000000000004,0.98,-40.9,Normal,Normal
CELL_0153,2026-01-02 14:00:00,-73.7,24.3,7.3,199.3,0.92,118,33.1,0.59,182.8,Normal,Normal
CELL_0802,2026-01-09 08:15:00,-93.8,10.1,21.8,73.2,4.9,208,16.540000000000003,1.04,2.4000000000000057,Normal,Normal
CELL_0994,2026-01-11 08:15:00,-110.8,12.1,36.0,67.5,0.46,226,10.94,1.13,26.9,Normal,Anomaly
CELL_0756,2026-01-08 20:45:00,-119.3,10.1,29.5,60.3,2.7,281,6.340000000000001,1.405,3.799999999999997,Anomaly,Anomaly
CELL_0112,2026-01-02 03:45:00,-75.8,27.0,5.5,112.7,1.12,106,33.88,0.53,96.0,Normal,Normal
CELL_0227,2026-01-03 08:30:00,-72.1,24.3,15.1,120.3,1.25,104,33.74,0.52,92.7,Normal,Normal
CELL_0689,2026-01-08 04:00:00,-113.4,18.9,31.1,66.3,0.24,300,13.979999999999997,1.5,32.8,Normal,Anomaly
CELL_0104,2026-01-02 01:45:00,-87.1,27.4,5.7,151.6,1.93,67,29.6,0.335,126.6,Normal,Normal
CELL_0422,2026-01-05 09:15:00,-97.1,17.0,26.3,80.1,1.98,195,19.36,0.975,34.0,Normal,Normal
CELL_0420,2026-01-05 08:45:00,-94.3,10.2,21.7,51.2,0.72,182,16.4,0.91,22.300000000000004,Normal,Normal
CELL_0751,2026-01-08 19:30:00,-94.1,13.9,35.9,65.6,4.29,201,18.700000000000003,1.005,-13.200000000000005,Normal,Normal
CELL_0587,2026-01-07 02:30:00,-95.9,19.0,31.5,109.2,0.24,186,21.04,0.93,75.3,Normal,Normal
CELL_0781,2026-01-09 03:00:00,-92.7,6.8,43.0,78.7,0.44,247,15.0,1.235,31.300000000000004,Normal,Anomaly
CELL_0673,2026-01-08 00:00:00,-101.4,14.7,22.4,81.1,3.84,254,16.259999999999998,1.27,20.3,Normal,Normal
CELL_0120,2026-01-02 05:45:00,-88.2,21.5,18.1,194.7,0.98,113,25.62,0.565,166.79999999999998,Normal,Normal
CELL_0054,2026-01-01 13:15:00,-76.3,28.4,8.0,102.6,0.9,39,34.52,0.195,85.6,Normal,Normal
CELL_0152,2026-01-02 13:45:00,-85.1,25.1,7.0,177.8,1.37,114,29.020000000000003,0.57,157.10000000000002,Normal,Normal
CELL_0404,2026-01-05 04:45:00,-101.1,19.4,21.5,85.4,0.33,130,19.200000000000003,0.65,60.60000000000001,Normal,Normal
CELL_0946,2026-01-10 20:15:00,-95.0,13.0,22.1,56.3,4.22,267,17.8,1.335,-8.0,Normal,Normal
CELL_0208,2026-01-03 03:45:00,-87.4,26.5,16.7,193.3,0.84,60,28.94,0.3,168.20000000000002,Normal,Normal
CELL_0659,2026-01-07 20:30:00,-100.7,11.3,24.8,104.3,2.53,109,14.5,0.545,54.2,Normal,Normal
CELL_0844,2026-01-09 18:45:00,-103.2,17.9,31.3,72.2,3.94,257,17.459999999999997,1.285,1.500000000000007,Normal,Normal
CELL_0763,2026-01-08 22:30:00,-117.9,19.7,47.2,69.7,1.8,276,12.659999999999997,1.38,4.5,Normal,Anomaly
CELL_0009,2026-01-01 02:00:00,-79.1,24.8,12.1,184.7,1.61,112,31.24,0.56,156.5,Normal,Normal
CELL_0808,2026-01-09 09:45:00,-103.2,2.7,40.2,16.9,2.64,297,8.34,1.485,-49.7,Anomaly,Anomaly
CELL_0037,2026-01-01 09:00:00,-72.7,24.4,6.0,129.6,2.27,84,33.559999999999995,0.42,100.9,Normal,Normal
CELL_0453,2026-01-05 17:00:00,-97.0,19.1,30.3,74.8,0.05,216,20.660000000000004,1.08,44.0,Normal,Normal
CELL_0652,2026-01-07 18:45:00,-104.0,15.1,25.0,97.3,2.71,102,15.46,0.51,45.2,Normal,Normal
CELL_0254,2026-01-03 15:15:00,-70.7,27.0,11.0,170.6,2.39,42,35.92,0.21,135.7,Normal,Normal
CELL_0304,2026-01-04 03:45:00,-78.8,28.5,5.1,125.9,0.16,117,33.58,0.585,119.20000000000002,Normal,Normal
CELL_0747,2026-01-08 18:30:00,-102.1,13.4,22.4,11.3,3.61,258,15.200000000000005,1.29,-47.2,Normal,Normal
CELL_0572,2026-01-06 22:45:00,-92.3,11.7,30.9,111.8,0.7,92,18.1,0.46,73.9,Normal,Normal
CELL_0624,2026-01-07 11:45:00,-96.3,13.0,20.5,95.3,2.03,100,17.28,0.5,54.5,Normal,Normal
CELL_0733,2026-01-08 15:00:00,-96.3,5.4,38.7,25.1,1.82,181,12.720000000000002,0.905,-31.8,Normal,Anomaly
CELL_0892,2026-01-10 06:45:00,-96.0,12.7,49.6,18.0,4.99,259,17.22,1.295,-81.5,Anomaly,Normal
CELL_0263,2026-01-03 17:30:00,-77.6,24.6,15.9,189.4,1.21,31,31.72000000000001,0.155,161.4,Normal,Normal
CELL_0611,2026-01-07 08:30:00,-100.2,13.2,31.3,106.5,1.38,176,15.839999999999998,0.88,61.400000000000006,Normal,Normal
CELL_0298,2026-01-04 02:15:00,-77.8,26.9,14.9,181.3,1.19,66,33.02,0.33,154.5,Normal,Normal
CELL_0415,2026-01-05 07:30:00,-93.8,10.2,29.9,65.6,0.27,188,16.6,0.94,32.99999999999999,Normal,Normal
CELL_0151,2026-01-02 13:30:00,-73.2,25.0,7.1,124.0,1.62,62,33.72,0.31,100.7,Normal,Normal
CELL_0789,2026-01-09 05:00:00,-103.0,15.4,35.1,20.4,3.49,252,16.04,1.26,-49.60000000000001,Normal,Normal
CELL_0641,2026-01-07 16:00:00,-92.0,11.3,30.4,94.6,2.72,199,17.98,0.995,36.99999999999999,Normal,Normal
CELL_0890,2026-01-10 06:15:00,-99.5,13.6,28.4,54.2,4.0,188,16.36,0.94,-14.199999999999996,Normal,Normal
CELL_0551,2026-01-06 17:30:00,-96.2,15.3,30.7,87.5,0.54,191,18.7,0.955,51.4,Normal,Normal
CELL_0887,2026-01-10 05:30:00,-103.0,9.0,46.9,26.0,2.95,278,12.2,1.39,-50.4,Normal,Anomaly
CELL_0489,2026-01-06 02:00:00,-100.2,11.9,22.2,54.7,1.02,110,15.06,0.55,22.3,Normal,Normal
CELL_0148,2026-01-02 12:45:00,-86.6,28.3,15.2,185.1,0.29,83,30.340000000000003,0.415,167.0,Normal,Normal
CELL_0147,2026-01-02 12:30:00,-80.7,23.8,15.6,163.7,0.35,62,30.0,0.31,144.6,Normal,Normal
CELL_0721,2026-01-08 12:00:00,-106.7,14.9,30.4,68.0,2.84,183,14.259999999999998,0.915,9.200000000000005,Normal,Anomaly
CELL_0932,2026-01-10 16:45:00,-94.9,3.1,44.7,17.4,1.18,218,11.9,1.09,-39.1,Normal,Anomaly
CELL_0740,2026-01-08 16:45:00,-91.5,4.1,23.3,65.0,1.89,204,13.86,1.02,22.800000000000004,Normal,Anomaly
CELL_0660,2026-01-07 20:45:00,-94.8,10.1,31.3,119.4,2.42,109,16.14,0.545,63.900000000000006,Normal,Normal
CELL_0349,2026-01-04 15:00:00,-103.2,17.2,24.3,50.9,2.55,115,17.04,0.575,1.099999999999998,Normal,Normal
CELL_0464,2026-01-05 19:45:00,-91.4,16.9,31.3,54.0,1.49,98,21.58,0.49,7.799999999999999,Normal,Normal
CELL_0326,2026-01-04 09:15:00,-70.2,22.8,6.1,111.4,0.59,49,33.6,0.245,99.4,Normal,Normal
CELL_0187,2026-01-02 22:30:00,-78.5,27.2,15.3,149.8,1.2,105,32.92,0.525,122.5,Normal,Normal
CELL_0124,2026-01-02 06:45:00,-73.1,22.9,8.4,147.6,0.55,59,32.5,0.295,133.7,Normal,Normal
CELL_0854,2026-01-09 21:15:00,-101.6,16.6,31.3,13.5,3.4,261,17.320000000000004,1.305,-51.8,Normal,Normal
CELL_0609,2026-01-07 08:00:00,-98.6,13.6,29.9,108.5,1.51,142,16.720000000000002,0.71,63.49999999999999,Normal,Normal
CELL_0144,2026-01-02 11:45:00,-71.5,30.0,6.1,126.8,1.4,54,37.400000000000006,0.27,106.7,Normal,Normal
CELL_0959,2026-01-10 23:30:00,-107.8,17.7,35.8,16.4,0.49,205,15.5,1.025,-24.3,Normal,Anomaly
CELL_0198,2026-01-03 01:15:00,-85.9,28.8,14.0,130.3,0.65,77,30.92,0.385,109.8,Normal,Normal
CELL_0610,2026-01-07 08:15:00,-95.9,15.2,34.5,111.4,0.64,165,18.76,0.825,70.5,Normal,Normal
CELL_0280,2026-01-03 21:45:00,-88.8,27.2,7.7,134.3,2.3,54,28.800000000000004,0.27,103.6,Normal,Normal
CELL_0294,2026-01-04 01:15:00,-72.1,27.2,16.1,132.8,0.95,22,35.480000000000004,0.11,107.20000000000002,Normal,Normal
CELL_0401,2026-01-05 04:00:00,-94.0,19.3,30.0,51.2,1.38,206,21.98,1.03,7.400000000000004,Normal,Normal
CELL_0123,2026-01-02 06:30:00,-82.9,25.2,8.2,175.4,0.09,80,29.96,0.4,166.3,Normal,Normal
CELL_0184,2026-01-02 21:45:00,-75.4,21.2,5.3,193.4,0.14,28,30.56,0.14,186.7,Anomaly,Normal
CELL_0203,2026-01-03 02:30:00,-74.2,28.1,11.4,107.2,1.18,51,35.18,0.255,84.0,Normal,Normal
CELL_0439,2026-01-05 13:30:00,-96.2,18.3,24.4,66.6,0.24,106,20.5,0.53,39.8,Normal,Normal
CELL_0247,2026-01-03 13:30:00,-84.2,25.6,9.7,166.7,1.65,80,29.68,0.4,140.5,Normal,Normal
CELL_0416,2026-01-05 07:45:00,-100.3,11.5,24.8,107.8,0.97,156,14.78,0.78,73.3,Normal,Normal
CELL_0933,2026-01-10 17:00:00,-115.8,11.1,20.7,66.6,0.43,236,8.34,1.18,41.6,Normal,Anomaly
CELL_0766,2026-01-08 23:15:00,-103.5,18.9,45.8,47.3,4.05,254,17.939999999999998,1.27,-39.0,Normal,Normal
CELL_0907,2026-01-10 10:30:00,-94.8,2.4,35.1,15.2,2.96,239,11.52,1.195,-49.5,Normal,Anomaly
CELL_0836,2026-01-09 16:45:00,-99.3,5.8,25.5,53.9,2.13,268,11.760000000000002,1.34,7.100000000000001,Normal,Anomaly
CELL_0888,2026-01-10 05:45:00,-115.8,19.2,29.0,60.9,0.31,292,13.2,1.46,28.8,Normal,Anomaly
CELL_0130,2026-01-02 08:15:00,-84.5,27.3,16.3,197.8,1.46,90,30.58,0.45,166.9,Normal,Normal
CELL_0638,2026-01-07 15:15:00,-93.7,12.4,28.1,76.1,1.05,130,17.96,0.65,37.49999999999999,Normal,Normal
CELL_0403,2026-01-05 04:30:00,-95.3,11.1,34.8,67.6,0.26,182,16.540000000000003,0.91,30.2,Normal,Normal
CELL_0785,2026-01-09 04:00:00,-117.5,19.1,37.5,36.1,1.94,183,12.46,0.915,-20.8,Normal,Anomaly
CELL_0771,2026-01-09 00:30:00,-96.1,18.8,28.7,59.4,3.12,249,20.840000000000003,1.245,-0.5000000000000036,Normal,Normal
CELL_0736,2026-01-08 15:45:00,-108.8,18.9,40.9,23.2,2.48,259,15.82,1.295,-42.5,Normal,Anomaly
CELL_0914,2026-01-10 12:15:00,-92.5,18.5,20.5,11.9,4.95,266,22.1,1.33,-58.1,Anomaly,Normal
CELL_0220,2026-01-03 06:45:00,-73.1,21.1,17.3,124.2,2.37,105,31.42,0.525,83.2,Normal,Normal
CELL_0642,2026-01-07 16:15:00,-98.7,13.3,29.2,106.7,1.46,92,16.5,0.46,62.9,Normal,Normal
CELL_0916,2026-01-10 12:45:00,-98.3,4.5,42.0,50.0,0.82,192,11.38,0.96,-0.1999999999999993,Normal,Anomaly
CELL_0753,2026-01-08 20:00:00,-97.1,3.5,42.5,89.8,0.88,220,11.260000000000002,1.1,38.5,Normal,Anomaly
CELL_0807,2026-01-09 09:30:00,-112.1,18.1,20.1,29.5,1.46,203,14.020000000000003,1.015,-5.200000000000001,Normal,Anomaly
CELL_0920,2026-01-10 13:45:00,-106.3,17.3,32.2,58.8,1.9,243,15.860000000000005,1.215,7.599999999999994,Normal,Anomaly
CELL_0625,2026-01-07 12:00:00,-91.7,15.4,32.2,84.7,0.54,192,20.56,0.96,47.1,Normal,Normal
CELL_0875,2026-01-10 02:30:00,-120.0,18.0,35.6,67.9,0.09,188,10.8,0.94,31.40000000000001,Normal,Anomaly
CELL_0761,2026-01-08 22:00:00,-97.2,1.8,42.5,48.3,0.91,207,10.2,1.035,-3.3000000000000025,Normal,Anomaly
CELL_0387,2026-01-05 00:30:00,-98.8,16.2,32.2,110.6,2.51,170,18.200000000000003,0.85,53.3,Normal,Normal
CELL_0973,2026-01-11 03:00:00,-92.5,4.5,40.1,60.9,1.65,181,13.7,0.905,4.299999999999997,Normal,Anomaly
CELL_0510,2026-01-06 07:15:00,-103.6,12.7,30.5,72.1,0.32,178,14.18,0.89,38.39999999999999,Normal,Normal
CELL_0268,2026-01-03 18:45:00,-85.5,24.7,15.1,173.2,1.31,59,28.62,0.295,145.0,Normal,Normal
CELL_0820,2026-01-09 12:45:00,-91.4,2.0,46.4,70.9,1.72,208,12.639999999999995,1.04,7.300000000000008,Normal,Anomaly
CELL_0442,2026-01-05 14:15:00,-94.2,10.6,28.9,85.7,1.67,129,16.68,0.645,40.10000000000001,Normal,Normal
CELL_0497,2026-01-06 04:00:00,-102.1,18.1,27.9,93.0,0.81,161,18.020000000000003,0.805,56.99999999999999,Normal,Normal
CELL_0113,2026-01-02 04:00:00,-73.1,24.9,16.7,134.8,1.62,36,33.7,0.18,101.9,Normal,Normal
CELL_0692,2026-01-08 04:45:00,-115.8,17.1,43.3,50.7,2.6,185,11.94,0.925,-18.599999999999994,Normal,Anomaly
CELL_0233,2026-01-03 10:00:00,-78.4,24.9,6.1,132.6,0.98,103,31.579999999999995,0.515,116.7,Normal,Normal
CELL_0870,2026-01-10 01:15:00,-94.0,13.6,33.9,68.6,4.67,269,18.56,1.345,-12.000000000000009,Normal,Normal
CELL_0608,2026-01-07 07:45:00,-93.1,16.7,33.6,80.2,1.74,128,20.78,0.64,29.200000000000003,Normal,Normal
CELL_0672,2026-01-07 23:45:00,-100.1,6.0,41.7,46.4,2.32,196,11.560000000000002,0.98,-18.500000000000004,Normal,Anomaly
CELL_0374,2026-01-04 21:15:00,-97.4,13.0,28.6,61.0,0.53,132,16.839999999999996,0.66,27.1,Normal,Normal
CELL_0982,2026-01-11 05:15:00,-115.3,19.8,32.0,37.1,1.02,230,13.760000000000002,1.15,-5.099999999999998,Normal,Anomaly
CELL_0843,2026-01-09 18:30:00,-91.0,6.1,21.0,17.2,0.86,289,15.260000000000002,1.445,-12.4,Anomaly,Anomaly
CELL_0234,2026-01-03 10:15:00,-78.1,24.1,9.3,146.8,1.91,83,31.22,0.415,118.4,Normal,Normal
CELL_0786,2026-01-09 04:15:00,-106.9,13.9,31.7,79.8,2.3,290,13.579999999999998,1.45,25.099999999999994,Normal,Anomaly
CELL_0677,2026-01-08 01:00:00,-102.6,7.0,25.6,54.5,0.59,217,11.160000000000004,1.085,23.0,Normal,Anomaly
CELL_0318,2026-01-04 07:15:00,-72.1,25.1,13.5,128.8,2.01,92,34.220000000000006,0.46,95.20000000000002,Normal,Normal
CELL_0649,2026-01-07 18:00:00,-94.5,16.5,28.2,87.3,1.0,190,20.1,0.95,49.1,Normal,Normal
CELL_0411,2026-01-05 06:30:00,-95.1,10.2,25.0,123.4,2.47,85,16.080000000000002,0.425,73.7,Normal,Normal
CELL_0899,2026-01-10 08:30:00,-95.0,15.9,40.0,79.5,3.32,291,19.54,1.455,6.300000000000004,Normal,Normal
CELL_0710,2026-01-08 09:15:00,-110.1,10.2,37.0,58.0,0.41,212,10.080000000000002,1.06,16.9,Normal,Anomaly
CELL_0359,2026-01-04 17:30:00,-97.6,18.1,20.3,120.4,2.11,132,19.820000000000004,0.66,79.00000000000001,Normal,Normal
CELL_0259,2026-01-03 16:30:00,-77.4,21.6,13.9,153.6,0.04,113,30.0,0.565,139.29999999999998,Normal,Normal
CELL_0745,2026-01-08 18:00:00,-119.0,17.5,30.1,41.3,1.47,272,10.9,1.36,-3.500000000000004,Normal,Anomaly
CELL_0628,2026-01-07 12:45:00,-97.9,18.2,31.0,76.4,0.28,95,19.76,0.475,42.60000000000001,Normal,Normal
CELL_0633,2026-01-07 14:00:00,-94.3,19.2,32.6,62.2,0.35,131,21.8,0.655,26.1,Normal,Normal
CELL_0283,2026-01-03 22:30:00,-82.5,24.4,15.9,117.1,0.85,44,29.64,0.22,92.7,Normal,Normal
CELL_0377,2026-01-04 22:00:00,-103.4,10.8,34.8,118.7,1.49,120,13.119999999999996,0.6,69.0,Normal,Normal
CELL_0385,2026-01-05 00:00:00,-92.1,10.5,23.2,109.8,1.74,155,17.460000000000004,0.775,69.19999999999999,Normal,Normal
CELL_0225,2026-01-03 08:00:00,-83.0,25.5,18.7,153.7,1.8,38,30.1,0.19,117.0,Normal,Normal
CELL_0954,2026-01-10 22:15:00,-100.9,4.4,38.8,74.0,1.25,246,10.279999999999998,1.23,22.700000000000003,Normal,Anomaly
CELL_0815,2026-01-09 11:30:00,-101.2,10.4,49.6,68.9,3.45,253,13.76,1.265,-15.199999999999996,Normal,Normal
CELL_0473,2026-01-05 22:00:00,-93.4,15.3,24.1,55.3,0.59,165,19.82,0.825,25.3,Normal,Normal
CELL_0348,2026-01-04 14:45:00,-94.4,18.3,26.0,98.8,2.79,172,21.22,0.86,44.9,Normal,Normal
CELL_0506,2026-01-06 06:15:00,-102.9,13.1,27.6,102.5,1.27,139,14.699999999999998,0.695,62.2,Normal,Normal
CELL_0640,2026-01-07 15:45:00,-97.0,19.2,24.1,97.5,2.83,211,20.72,1.055,45.10000000000001,Normal,Normal
CELL_0988,2026-01-11 06:45:00,-95.3,7.6,22.5,23.2,2.37,229,14.44,1.145,-23.000000000000004,Normal,Anomaly
CELL_0929,2026-01-10 16:00:00,-102.4,15.9,25.0,33.2,4.77,258,16.58,1.29,-39.49999999999999,Normal,Normal
CELL_0906,2026-01-10 10:15:00,-118.1,12.6,27.1,78.5,0.19,241,8.320000000000002,1.205,49.5,Normal,Anomaly
CELL_0620,2026-01-07 10:45:00,-99.0,18.5,28.4,70.8,1.84,150,19.5,0.75,24.0,Normal,Normal
CELL_0856,2026-01-09 21:45:00,-91.4,7.9,42.0,49.7,1.35,213,16.18,1.065,-5.799999999999997,Normal,Anomaly
CELL_0804,2026-01-09 08:45:00,-93.4,19.2,34.8,58.4,4.61,193,22.16,0.965,-22.5,Normal,Normal
CELL_0646,2026-01-07 17:15:00,-103.1,14.4,20.2,124.4,2.59,81,15.400000000000002,0.405,78.30000000000001,Normal,Normal
CELL_0847,2026-01-09 19:30:00,-99.3,12.3,22.5,67.3,4.11,240,15.66,1.2,3.699999999999996,Normal,Normal
CELL_0557,2026-01-06 19:00:00,-97.9,17.9,25.8,67.0,1.04,148,19.58,0.74,30.800000000000004,Normal,Normal
CELL_0958,2026-01-10 23:15:00,-102.2,5.7,24.1,36.9,0.73,209,10.54,1.045,5.499999999999997,Normal,Anomaly
CELL_0578,2026-01-07 00:15:00,-99.7,15.4,31.7,53.2,0.7,187,17.36,0.935,14.500000000000004,Normal,Normal
CELL_0796,2026-01-09 06:45:00,-108.0,16.9,48.5,62.6,2.29,198,14.94,0.99,-8.799999999999997,Normal,Anomaly
CELL_0086,2026-01-01 21:15:00,-85.8,21.4,8.1,182.9,1.12,44,26.52,0.22,163.60000000000002,Normal,Normal
CELL_0243,2026-01-03 12:30:00,-80.3,24.7,5.3,192.2,1.04,83,30.700000000000003,0.415,176.49999999999997,Normal,Normal
CELL_0699,2026-01-08 06:30:00,-107.1,15.1,37.9,50.8,1.95,192,14.220000000000002,0.96,-6.600000000000001,Normal,Anomaly
CELL_0160,2026-01-02 15:45:00,-76.4,28.1,6.1,174.1,1.1,103,34.3,0.515,157.0,Normal,Normal
CELL_0525,2026-01-06 11:00:00,-91.8,12.3,30.4,112.7,0.61,220,18.66,1.1,76.20000000000002,Normal,Normal
CELL_0036,2026-01-01 08:45:00,-81.7,28.3,16.8,137.5,0.66,42,32.3,0.21,114.1,Normal,Normal
CELL_0541,2026-01-06 15:00:00,-95.4,13.4,27.1,112.8,1.01,113,17.879999999999995,0.565,75.6,Normal,Normal
CELL_0171,2026-01-02 18:30:00,-88.2,26.6,18.4,177.4,0.85,33,28.68,0.165,150.5,Normal,Normal
CELL_0655,2026-01-07 19:30:00,-93.1,13.7,27.5,78.7,1.43,116,18.980000000000004,0.58,36.900000000000006,Normal,Normal
CELL_0891,2026-01-10 06:30:00,-102.0,8.3,34.9,19.2,0.78,266,12.18,1.33,-23.5,Normal,Anomaly
CELL_0858,2026-01-09 22:15:00,-100.0,19.3,31.9,44.8,4.63,274,19.58,1.37,-33.4,Normal,Normal
CELL_0848,2026-01-09 19:45:00,-103.3,8.0,21.9,71.5,0.74,274,11.48,1.37,42.2,Normal,Anomaly
CELL_0945,2026-01-10 20:00:00,-92.2,14.5,35.9,77.0,3.58,295,19.82,1.475,5.300000000000004,Normal,Normal
CELL_0734,2026-01-08 15:15:00,-96.4,4.9,21.1,87.7,0.07,285,12.379999999999995,1.425,65.89999999999999,Anomaly,Anomaly
CELL_0096,2026-01-01 23:45:00,-71.7,23.2,16.2,155.1,0.07,57,33.24,0.285,138.20000000000002,Normal,Normal
CELL_0564,2026-01-06 20:45:00,-94.0,17.3,24.4,126.3,1.66,82,20.78,0.41,85.30000000000001,Normal,Normal
CELL_0241,2026-01-03 12:00:00,-75.9,25.1,5.6,128.4,2.21,89,32.7,0.445,100.70000000000002,Normal,Normal
CELL_0743,2026-01-08 17:30:00,-94.8,3.1,47.9,44.9,2.79,186,11.94,0.93,-30.9,Normal,Anomaly
CELL_0575,2026-01-06 23:30:00,-93.7,18.4,23.4,118.9,2.7,200,21.56,1.0,68.5,Normal,Normal
CELL_0691,2026-01-08 04:30:00,-96.0,4.6,44.9,41.8,1.99,242,12.36,1.21,-23.0,Normal,Anomaly
CELL_0461,2026-01-05 19:00:00,-94.4,10.7,25.8,102.5,1.03,140,16.659999999999997,0.7,66.4,Normal,Normal
CELL_0554,2026-01-06 18:15:00,-102.2,17.1,32.2,127.2,2.08,97,17.38,0.485,74.2,Normal,Normal
CELL_0889,2026-01-10 06:00:00,-97.0,8.8,23.8,27.2,1.23,235,14.48,1.175,-8.900000000000002,Normal,Anomaly
CELL_0207,2026-01-03 03:30:00,-70.3,27.5,6.7,187.7,0.35,51,36.38,0.255,177.5,Anomaly,Normal
CELL_0393,2026-01-05 02:00:00,-101.4,19.2,26.0,78.7,2.58,148,18.96,0.74,26.9,Normal,Normal
CELL_0795,2026-01-09 06:30:00,-116.5,12.7,46.2,68.6,1.73,269,9.02,1.345,5.099999999999991,Normal,Anomaly
CELL_0398,2026-01-05 03:15:00,-92.0,12.7,29.4,122.3,0.14,173,18.82,0.865,91.5,Normal,Normal
CELL_0767,2026-01-08 23:30:00,-99.6,10.3,22.4,19.2,3.39,274,14.340000000000003,1.37,-37.1,Normal,Normal
CELL_0849,2026-01-09 20:00:00,-93.8,14.6,30.1,55.8,3.18,266,19.24,1.33,-6.100000000000005,Normal,Normal
CELL_0218,2026-01-03 06:15:00,-73.2,26.2,7.7,146.0,0.42,90,34.44,0.45,134.10000000000002,Normal,Normal
CELL_0005,2026-01-01 01:00:00,-86.3,28.1,5.3,191.1,1.43,53,30.340000000000003,0.265,171.49999999999997,Normal,Normal
CELL_0769,2026-01-09 00:00:00,-103.2,5.5,35.7,75.7,1.61,184,10.02,0.92,23.9,Normal,Anomaly
CELL_0643,2026-01-07 16:30:00,-93.2,16.3,25.6,100.7,2.88,86,20.5,0.43,46.3,Normal,Normal
CELL_0930,2026-01-10 16:15:00,-103.9,6.0,41.8,36.0,0.4,186,10.039999999999996,0.93,-9.799999999999995,Normal,Anomaly
CELL_0613,2026-01-07 09:00:00,-96.4,13.8,24.6,97.4,0.11,94,17.72,0.47,71.70000000000002,Normal,Normal
CELL_0739,2026-01-08 16:30:00,-117.7,15.4,32.6,71.9,0.13,280,10.159999999999998,1.4,38.00000000000001,Normal,Anomaly
CELL_0547,2026-01-06 16:30:00,-93.6,19.6,30.1,88.3,2.18,103,22.32,0.515,36.39999999999999,Normal,Normal
CELL_0726,2026-01-08 13:15:00,-93.3,6.7,30.8,66.2,2.3,201,14.7,1.005,12.400000000000006,Normal,Anomaly
CELL_0684,2026-01-08 02:45:00,-94.4,6.6,22.1,75.6,0.97,206,14.199999999999998,1.03,43.8,Normal,Anomaly
CELL_0099,2026-01-02 00:30:00,-77.9,25.4,10.2,142.1,0.44,33,32.08,0.165,127.5,Normal,Normal
CELL_0805,2026-01-09 09:00:00,-96.4,10.7,43.1,66.1,4.11,219,15.859999999999996,1.095,-18.10000000000001,Normal,Normal
CELL_0728,2026-01-08 13:45:00,-94.2,10.8,29.2,27.0,4.0,208,16.8,1.04,-42.2,Normal,Normal
CELL_0574,2026-01-06 23:15:00,-99.1,13.2,29.8,127.2,0.15,110,16.28,0.55,95.9,Normal,Normal
CELL_0407,2026-01-05 05:30:00,-94.0,12.6,34.0,59.2,1.9,154,17.96,0.77,6.200000000000003,Normal,Normal
CELL_0503,2026-01-06 05:30:00,-97.9,19.2,21.5,73.5,1.68,216,20.36,1.08,35.2,Normal,Normal
CELL_0048,2026-01-01 11:45:00,-87.0,26.5,12.8,180.7,1.3,28,29.1,0.14,154.89999999999998,Normal,Normal
CELL_0033,2026-01-01 08:00:00,-71.9,28.1,13.5,149.4,1.74,35,36.1,0.175,118.5,Normal,Normal
CELL_0780,2026-01-09 02:45:00,-103.1,19.6,27.0,43.0,3.99,195,18.520000000000003,0.975,-23.90000000000001,Normal,Normal
CELL_0840,2026-01-09 17:45:00,-114.5,18.5,37.3,19.3,3.0,186,13.3,0.93,-48.0,Normal,Anomaly
CELL_0201,2026-01-03 02:00:00,-71.6,29.3,13.6,153.3,1.4,61,36.94,0.305,125.70000000000002,Normal,Normal
CELL_0135,2026-01-02 09:30:00,-86.0,24.0,14.3,116.1,0.1,51,28.0,0.255,100.8,Normal,Normal
CELL_0028,2026-01-01 06:45:00,-71.2,21.7,7.8,119.9,2.49,22,32.54,0.11,87.2,Anomaly,Normal
CELL_0881,2026-01-10 04:00:00,-99.2,0.7,40.7,38.5,0.7,238,8.739999999999998,1.19,-9.200000000000005,Normal,Anomaly
CELL_0231,2026-01-03 09:30:00,-73.2,28.7,15.9,192.5,0.5,53,35.94,0.265,171.6,Anomaly,Normal
CELL_0490,2026-01-06 02:15:00,-102.2,15.9,22.2,129.2,0.45,110,16.659999999999997,0.55,102.5,Normal,Normal
CELL_0773,2026-01-09 01:00:00,-97.2,12.6,36.7,12.4,4.85,249,16.68,1.245,-72.80000000000001,Normal,Normal
CELL_0379,2026-01-04 22:30:00,-91.7,14.0,34.1,77.6,2.29,83,19.72,0.415,20.599999999999994,Normal,Normal
CELL_0289,2026-01-04 00:00:00,-77.6,25.7,6.8,167.2,0.99,95,32.38,0.475,150.49999999999997,Normal,Normal
CELL_0419,2026-01-05 08:30:00,-98.7,11.7,33.3,54.5,0.34,136,15.54,0.68,17.800000000000004,Normal,Normal
CELL_0675,2026-01-08 00:30:00,-96.6,13.6,49.1,34.5,3.63,264,17.520000000000003,1.32,-50.9,Normal,Normal
CELL_0392,2026-01-05 01:45:00,-97.3,18.4,22.9,55.0,2.88,161,20.12,0.805,3.3000000000000043,Normal,Normal
CELL_0593,2026-01-07 04:00:00,-103.1,12.9,26.0,81.9,0.54,151,14.500000000000004,0.755,50.50000000000001,Normal,Normal
CELL_0499,2026-01-06 04:30:00,-97.6,13.0,25.8,98.2,2.94,98,16.76,0.49,43.00000000000001,Normal,Normal
CELL_0139,2026-01-02 10:30:00,-77.3,23.8,11.0,160.1,2.29,38,31.36,0.19,126.2,Normal,Normal
CELL_0063,2026-01-01 15:30:00,-86.4,21.4,11.2,181.2,0.52,50,26.28,0.25,164.8,Normal,Normal
CELL_0472,2026-01-05 21:45:00,-95.8,11.0,32.5,83.6,2.41,206,16.28,1.03,27.0,Normal,Normal
CELL_0648,2026-01-07 17:45:00,-98.2,16.8,28.4,77.5,2.33,184,18.8,0.92,25.8,Normal,Normal
CELL_0129,2026-01-02 08:00:00,-80.6,26.5,13.5,177.7,0.44,86,31.660000000000004,0.43,159.79999999999998,Normal,Normal
CELL_0977,2026-01-11 04:00:00,-97.6,11.0,42.4,62.4,3.19,195,15.560000000000002,0.975,-11.9,Normal,Normal
CELL_0521,2026-01-06 10:00:00,-92.6,12.1,22.2,80.7,1.67,191,18.22,0.955,41.8,Normal,Normal
CELL_0839,2026-01-09 17:30:00,-119.7,15.8,20.1,10.0,2.92,234,9.6,1.17,-39.3,Anomaly,Anomaly
CELL_0963,2026-01-11 00:30:00,-97.7,8.5,36.5,81.0,0.87,237,14.02,1.185,35.8,Normal,Anomaly
CELL_0065,2026-01-01 16:00:00,-76.3,24.1,8.2,106.1,1.38,34,31.94,0.17,84.1,Normal,Normal
CELL_0813,2026-01-09 11:00:00,-95.1,17.3,30.7,52.2,3.69,189,20.340000000000003,0.945,-15.399999999999997,Normal,Normal
CELL_0015,2026-01-01 03:30:00,-81.8,25.2,5.1,145.6,0.05,65,30.4,0.325,140.0,Normal,Normal
CELL_0157,2026-01-02 15:00:00,-88.0,21.2,6.9,127.1,1.23,105,25.52,0.525,107.9,Normal,Normal
CELL_0041,2026-01-01 10:00:00,-82.6,21.4,6.7,142.8,1.24,36,27.8,0.18,123.70000000000002,Normal,Normal
CELL_0493,2026-01-06 03:00:00,-96.1,14.6,21.5,80.1,1.5,190,18.32,0.95,43.6,Normal,Normal
CELL_0380,2026-01-04 22:45:00,-102.7,15.0,28.2,93.6,0.72,156,15.919999999999998,0.78,58.19999999999999,Normal,Normal
CELL_0188,2026-01-02 22:45:00,-77.2,22.0,6.5,106.4,1.86,104,30.32,0.52,81.30000000000001,Normal,Normal
CELL_0764,2026-01-08 22:45:00,-113.1,13.6,31.5,65.7,0.26,229,10.920000000000002,1.145,31.6,Normal,Anomaly
CELL_0217,2026-01-03 06:00:00,-83.4,29.7,17.3,142.3,2.11,105,32.46,0.525,103.90000000000002,Normal,Normal
CELL_0792,2026-01-09 05:45:00,-99.6,12.2,35.4,82.5,4.61,206,15.48,1.03,1.0,Normal,Normal
CELL_0053,2026-01-01 13:00:00,-72.2,28.7,14.8,192.7,0.76,56,36.34,0.28,170.29999999999998,Normal,Normal
CELL_0879,2026-01-10 03:30:00,-98.0,11.0,45.1,41.5,3.67,282,15.4,1.41,-40.3,Normal,Normal
CELL_0338,2026-01-04 12:15:00,-91.8,17.2,25.3,75.9,0.0,145,21.6,0.725,50.60000000000001,Normal,Normal
CELL_0749,2026-01-08 19:00:00,-111.1,13.4,34.4,37.4,2.55,187,11.6,0.935,-22.5,Normal,Anomaly
CELL_0720,2026-01-08 11:45:00,-108.0,13.7,41.7,78.0,1.93,289,13.02,1.445,16.999999999999996,Normal,Anomaly
CELL_0725,2026-01-08 13:00:00,-96.7,0.7,34.7,30.4,2.13,180,9.739999999999998,0.9,-25.6,Normal,Anomaly
CELL_0296,2026-01-04 01:45:00,-75.5,29.8,18.6,144.4,1.19,103,35.68,0.515,113.9,Normal,Normal
CELL_0702,2026-01-08 07:15:00,-106.5,18.0,35.7,75.9,2.85,266,16.2,1.33,11.700000000000005,Normal,Anomaly
CELL_0252,2026-01-03 14:45:00,-86.8,22.6,11.9,114.4,1.68,66,26.840000000000003,0.33,85.7,Normal,Normal
CELL_0727,2026-01-08 13:30:00,-98.0,13.3,49.1,66.4,4.88,194,16.78,0.97,-31.5,Normal,Normal
CELL_0462,2026-01-05 19:15:00,-93.3,17.2,33.7,109.4,0.54,92,21.0,0.46,70.3,Normal,Normal
CELL_0456,2026-01-05 17:45:00,-104.0,14.5,32.9,66.7,1.77,99,15.1,0.495,16.100000000000005,Normal,Normal
CELL_0997,2026-01-11 09:00:00,-97.5,16.2,46.1,11.2,4.69,281,18.72,1.405,-81.80000000000001,Anomaly,Normal
CELL_0816,2026-01-09 11:45:00,-96.4,6.9,28.5,35.2,1.41,296,13.579999999999998,1.48,-7.399999999999997,Normal,Anomaly
CELL_0863,2026-01-09 23:30:00,-95.9,4.2,32.0,48.1,0.79,224,12.159999999999998,1.12,8.200000000000001,Normal,Anomaly
CELL_0270,2026-01-03 19:15:00,-82.6,24.4,8.9,123.8,1.92,47,29.6,0.235,95.7,Normal,Normal
CELL_0202,2026-01-03 02:15:00,-72.2,26.7,17.2,157.5,0.72,45,35.14,0.225,133.10000000000002,Normal,Normal
CELL_0162,2026-01-02 16:15:00,-80.3,27.7,13.7,105.5,0.37,118,32.5,0.59,88.1,Normal,Normal
CELL_0556,2026-01-06 18:45:00,-98.4,12.3,22.4,87.4,1.77,181,16.02,0.905,47.3,Normal,Normal
CELL_0730,2026-01-08 14:15:00,-115.3,12.7,22.5,45.1,1.27,202,9.5,1.01,9.900000000000002,Normal,Anomaly
CELL_0402,2026-01-05 04:15:00,-96.4,10.7,20.0,108.2,1.55,123,15.859999999999996,0.615,72.7,Normal,Normal
CELL_0703,2026-01-08 07:30:00,-115.2,11.1,34.7,10.4,1.07,262,8.579999999999998,1.31,-35.00000000000001,Anomaly,Anomaly
CELL_0477,2026-01-05 23:00:00,-91.7,10.1,26.6,108.1,2.98,176,17.38,0.88,51.7,Normal,Normal
CELL_0822,2026-01-09 13:15:00,-92.5,8.6,45.3,88.4,0.41,284,16.16,1.42,39.00000000000001,Normal,Anomaly
CELL_0772,2026-01-09 00:45:00,-118.4,12.5,26.8,42.1,1.25,274,8.139999999999997,1.37,2.8000000000000007,Normal,Anomaly
CELL_0106,2026-01-02 02:15:00,-73.6,27.9,17.3,150.9,1.64,118,35.3,0.59,117.2,Normal,Normal
CELL_0566,2026-01-06 21:15:00,-103.0,17.0,27.9,119.0,2.59,121,17.0,0.605,65.19999999999999,Normal,Normal
CELL_0390,2026-01-05 01:15:00,-93.8,18.4,21.4,74.4,1.26,178,21.520000000000003,0.89,40.400000000000006,Normal,Normal
CELL_0002,2026-01-01 00:15:00,-81.8,26.1,9.8,105.2,0.34,91,30.94,0.455,92.0,Normal,Normal
CELL_0938,2026-01-10 18:15:00,-117.9,12.3,44.3,17.1,2.87,277,8.219999999999997,1.385,-55.9,Anomaly,Anomaly
CELL_0983,2026-01-11 05:30:00,-95.4,11.1,31.9,63.7,4.19,240,16.499999999999996,1.2,-10.1,Normal,Normal
CELL_0562,2026-01-06 20:15:00,-92.1,18.2,25.9,64.2,2.12,92,22.080000000000005,0.46,17.1,Normal,Normal
CELL_0081,2026-01-01 20:00:00,-86.5,28.6,7.4,126.7,0.42,69,30.56,0.345,115.1,Normal,Normal
CELL_0206,2026-01-03 03:15:00,-79.0,25.0,6.8,148.0,1.07,105,31.4,0.525,130.5,Normal,Normal
CELL_0035,2026-01-01 08:30:00,-82.2,27.9,9.8,175.4,2.05,43,31.86,0.215,145.1,Normal,Normal
CELL_0776,2026-01-09 01:45:00,-101.8,5.6,39.4,32.2,0.94,291,10.64,1.455,-16.599999999999994,Normal,Anomaly
CELL_0509,2026-01-06 07:00:00,-101.9,15.5,21.9,74.3,2.16,113,16.54,0.565,30.8,Normal,Normal
CELL_0428,2026-01-05 10:45:00,-103.5,12.5,33.9,103.3,0.57,185,14.1,0.925,63.7,Normal,Normal
CELL_0455,2026-01-05 17:30:00,-103.5,16.6,24.0,125.1,2.44,188,16.560000000000002,0.94,76.69999999999999,Normal,Normal
CELL_0367,2026-01-04 19:30:00,-96.3,12.9,21.2,95.8,1.36,134,17.220000000000002,0.67,60.99999999999999,Normal,Normal
CELL_0092,2026-01-01 22:45:00,-84.9,26.9,14.0,178.2,1.65,58,30.18,0.29,147.7,Normal,Normal
CELL_0340,2026-01-04 12:45:00,-102.1,11.2,26.4,106.1,2.58,220,13.880000000000004,1.1,53.89999999999999,Normal,Normal
CELL_0898,2026-01-10 08:15:00,-94.4,11.6,20.8,87.0,4.05,223,17.2,1.115,25.700000000000003,Normal,Normal
CELL_0565,2026-01-06 21:00:00,-103.3,11.8,26.3,90.5,0.23,159,13.760000000000002,0.795,61.900000000000006,Normal,Normal
CELL_0346,2026-01-04 14:15:00,-93.2,13.2,34.3,54.9,1.42,144,18.64,0.72,6.400000000000002,Normal,Normal
CELL_0777,2026-01-09 02:00:00,-107.0,12.4,34.7,67.8,0.94,255,12.64,1.275,23.7,Normal,Anomaly
CELL_0242,2026-01-03 12:15:00,-81.1,26.6,12.8,189.4,0.54,93,31.520000000000003,0.465,171.2,Normal,Normal
CELL_0014,2026-01-01 03:15:00,-77.0,23.1,11.8,117.8,2.48,76,31.06,0.38,81.2,Normal,Normal
CELL_0316,2026-01-04 06:45:00,-73.0,28.0,10.1,147.8,1.84,81,35.6,0.405,119.3,Normal,Normal
CELL_0601,2026-01-07 06:00:00,-93.7,16.1,29.8,79.4,2.62,175,20.18,0.875,23.40000000000001,Normal,Normal
CELL_0388,2026-01-05 00:45:00,-102.8,19.9,32.7,120.1,0.83,111,18.82,0.555,79.1,Normal,Normal
CELL_0274,2026-01-03 20:15:00,-71.4,26.9,6.5,189.5,2.28,29,35.58,0.145,160.2,Anomaly,Normal
CELL_0167,2026-01-02 17:30:00,-77.2,28.4,5.5,167.8,2.2,100,34.16,0.5,140.3,Normal,Normal
CELL_0841,2026-01-09 18:00:00,-118.9,18.7,40.3,78.2,1.45,223,11.659999999999997,1.115,23.40000000000001,Normal,Anomaly
CELL_0993,2026-01-11 08:00:00,-98.6,14.8,41.1,69.2,4.22,207,17.440000000000005,1.035,-14.099999999999994,Normal,Normal
CELL_0647,2026-01-07 17:30:00,-93.6,11.7,26.0,112.6,0.49,155,17.580000000000002,0.775,81.69999999999999,Normal,Normal
CELL_0819,2026-01-09 12:30:00,-97.3,2.9,44.3,81.4,0.26,283,10.820000000000002,1.415,34.50000000000001,Normal,Anomaly
CELL_0485,2026-01-06 01:00:00,-95.3,15.7,31.8,62.7,2.29,209,19.300000000000004,1.045,8.000000000000004,Normal,Normal
CELL_0981,2026-01-11 05:00:00,-103.4,16.3,32.3,65.3,3.44,262,16.419999999999998,1.31,-1.3999999999999986,Normal,Normal
CELL_0505,2026-01-06 06:00:00,-95.5,18.0,30.5,110.3,2.06,194,20.6,0.97,59.2,Normal,Normal
CELL_0832,2026-01-09 15:45:00,-113.5,19.2,44.3,71.8,0.57,281,14.12,1.405,21.8,Normal,Anomaly
CELL_0244,2026-01-03 12:45:00,-88.0,24.0,12.3,103.2,1.2,100,27.2,0.5,78.9,Normal,Normal
CELL_0567,2026-01-06 21:30:00,-103.6,15.1,25.9,55.8,0.68,194,15.62,0.97,23.1,Normal,Normal
CELL_0876,2026-01-10 02:45:00,-92.9,16.2,39.2,76.7,4.46,279,20.559999999999995,1.395,-7.100000000000001,Normal,Normal
CELL_0563,2026-01-06 20:30:00,-92.4,18.6,22.3,64.1,0.01,184,22.2,0.92,41.7,Normal,Normal
CELL_0687,2026-01-08 03:30:00,-95.5,14.5,30.7,54.3,4.5,292,18.5,1.46,-21.4,Normal,Normal
CELL_0190,2026-01-02 23:15:00,-84.3,23.2,6.2,197.0,1.92,59,28.200000000000003,0.295,171.60000000000002,Normal,Normal
CELL_0783,2026-01-09 03:30:00,-94.9,17.2,23.7,13.6,4.74,209,20.36,1.045,-57.50000000000001,Normal,Normal
CELL_0700,2026-01-08 06:45:00,-103.3,17.6,30.3,60.8,3.48,260,17.240000000000002,1.3,-4.300000000000001,Normal,Normal
CELL_0476,2026-01-05 22:45:00,-97.0,14.3,28.6,58.1,1.8,128,17.78,0.64,11.5,Normal,Normal
CELL_0682,2026-01-08 02:15:00,-112.9,13.2,28.3,86.7,1.9,267,10.759999999999998,1.335,39.400000000000006,Normal,Anomaly
CELL_0511,2026-01-06 07:30:00,-98.3,12.5,30.9,62.2,1.56,145,16.18,0.725,15.700000000000005,Normal,Normal
CELL_0059,2026-01-01 14:30:00,-79.3,29.0,6.3,166.4,1.84,119,33.68,0.595,141.7,Normal,Normal
CELL_0475,2026-01-05 22:30:00,-101.2,19.9,21.6,57.8,1.61,131,19.46,0.655,20.099999999999994,Normal,Normal
CELL_0561,2026-01-06 20:00:00,-103.8,11.3,23.6,86.7,0.81,148,13.260000000000002,0.74,55.0,Normal,Normal
CELL_0857,2026-01-09 22:00:00,-118.6,13.7,27.0,22.3,2.49,212,8.780000000000001,1.06,-29.6,Normal,Anomaly
CELL_0748,2026-01-08 18:45:00,-99.2,0.9,43.1,62.8,1.09,288,8.86,1.44,8.799999999999995,Normal,Anomaly
CELL_0253,2026-01-03 15:00:00,-75.6,26.7,14.3,121.5,0.19,34,33.78,0.17,105.3,Normal,Normal
CELL_0022,2026-01-01 05:15:00,-74.3,24.5,6.8,197.5,1.29,100,32.980000000000004,0.5,177.79999999999998,Normal,Normal
CELL_0314,2026-01-04 06:15:00,-85.4,26.1,9.9,107.1,0.51,117,29.5,0.585,92.1,Normal,Normal
CELL_0460,2026-01-05 18:45:00,-95.2,10.9,22.9,90.7,1.02,179,16.46,0.895,57.60000000000001,Normal,Normal
CELL_0161,2026-01-02 16:00:00,-83.3,21.8,10.1,196.4,0.69,118,27.76,0.59,179.4,Normal,Normal
CELL_0277,2026-01-03 21:00:00,-81.9,26.2,17.6,167.3,0.24,48,30.96,0.24,147.3,Normal,Normal
CELL_0956,2026-01-10 22:45:00,-93.6,6.4,45.0,73.7,2.3,243,14.400000000000002,1.215,5.700000000000003,Normal,Anomaly
CELL_0192,2026-01-02 23:45:00,-84.5,29.3,5.2,106.3,1.85,55,31.78,0.275,82.6,Normal,Normal
CELL_0386,2026-01-05 00:15:00,-98.3,16.7,34.6,89.6,0.19,116,18.700000000000003,0.58,53.1,Normal,Normal
CELL_0806,2026-01-09 09:15:00,-113.2,18.2,46.2,72.7,1.71,246,13.64,1.23,9.4,Normal,Anomaly
CELL_0414,2026-01-05 07:15:00,-100.5,19.4,20.3,87.9,2.46,183,19.44,0.915,43.00000000000001,Normal,Normal
CELL_0492,2026-01-06 02:45:00,-99.9,10.4,20.1,79.7,0.55,193,14.279999999999998,0.965,54.1,Normal,Normal
CELL_0344,2026-01-04 13:45:00,-102.3,16.9,34.7,93.8,0.97,142,17.22,0.71,49.39999999999999,Normal,Normal
CELL_0770,2026-01-09 00:15:00,-102.3,4.2,42.0,44.9,2.59,214,9.6,1.07,-23.0,Normal,Anomaly
CELL_0309,2026-01-04 05:00:00,-82.8,23.2,6.0,193.4,1.49,75,28.800000000000004,0.375,172.5,Normal,Normal
CELL_0662,2026-01-07 21:15:00,-91.6,16.9,32.1,61.6,2.25,171,21.5,0.855,7.0,Normal,Normal
CELL_0131,2026-01-02 08:30:00,-87.8,25.2,13.9,113.5,0.42,109,28.0,0.545,95.4,Normal,Normal
CELL_0664,2026-01-07 21:45:00,-97.3,11.5,24.2,88.4,1.49,84,15.98,0.42,49.3,Normal,Normal
CELL_0872,2026-01-10 01:45:00,-116.0,18.1,46.2,21.8,2.19,231,12.46,1.155,-46.3,Normal,Anomaly
CELL_0100,2026-01-02 00:45:00,-70.4,26.6,8.2,138.4,0.34,106,35.8,0.53,126.8,Normal,Normal
CELL_0373,2026-01-04 21:00:00,-96.0,14.1,22.0,75.6,2.01,185,18.06,0.925,33.5,Normal,Normal
CELL_0088,2026-01-01 21:45:00,-71.0,28.8,6.3,104.3,1.34,59,36.88,0.295,84.6,Anomaly,Normal
CELL_0459,2026-01-05 18:30:00,-101.1,16.1,23.8,66.9,1.76,198,17.220000000000002,0.99,25.500000000000007,Normal,Normal
CELL_0331,2026-01-04 10:30:00,-74.0,25.6,7.3,111.7,0.97,25,33.760000000000005,0.125,94.7,Normal,Normal
CELL_0215,2026-01-03 05:30:00,-80.7,28.3,9.4,177.0,1.95,112,32.7,0.56,148.1,Normal,Normal
CELL_0467,2026-01-05 20:30:00,-101.3,13.4,27.9,59.1,1.66,141,15.52,0.705,14.600000000000003,Normal,Normal
CELL_0122,2026-01-02 06:15:00,-79.5,21.3,7.9,128.7,1.76,39,28.98,0.195,103.2,Normal,Normal
CELL_0615,2026-01-07 09:30:00,-95.9,18.6,27.4,50.4,1.82,122,20.8,0.61,4.800000000000001,Normal,Normal
CELL_0021,2026-01-01 05:00:00,-87.9,25.7,12.5,114.6,1.64,57,28.26,0.285,85.69999999999999,Normal,Normal
CELL_0701,2026-01-08 07:00:00,-94.4,2.7,25.2,20.4,2.41,269,11.86,1.345,-28.9,Normal,Anomaly
CELL_0072,2026-01-01 17:45:00,-82.2,28.0,9.0,189.0,2.46,40,31.92,0.2,155.4,Normal,Normal
CELL_0107,2026-01-02 02:30:00,-70.3,25.5,5.1,115.6,0.88,106,35.18,0.53,101.7,Normal,Normal
CELL_0271,2026-01-03 19:30:00,-75.6,24.1,18.0,199.5,2.32,74,32.22,0.37,158.3,Normal,Normal
CELL_0861,2026-01-09 23:00:00,-100.0,2.7,47.4,24.8,0.6,290,9.62,1.45,-28.6,Anomaly,Anomaly
CELL_0436,2026-01-05 12:45:00,-94.4,18.9,27.5,124.5,0.53,151,21.58,0.755,91.7,Normal,Normal
CELL_0103,2026-01-02 01:30:00,-71.8,27.9,18.6,133.8,1.2,50,36.02,0.25,103.20000000000002,Normal,Normal
